hour,heating_c,cooling_c,reason
0,16.7,29.4,verified autonomous action
1,16.7,29.4,verified autonomous action
2,16.7,29.4,verified autonomous action
3,22.0,24.0,verified autonomous action
4,22.0,24.0,verified autonomous action
5,22.0,24.0,verified autonomous action
6,22.0,24.0,verified autonomous action
7,22.0,24.0,verified autonomous action
8,22.0,24.0,verified autonomous action
9,22.0,24.0,verified autonomous action
10,22.0,24.0,verified autonomous action
11,22.0,24.0,verified autonomous action
12,22.0,24.0,verified autonomous action
13,22.0,24.0,verified autonomous action
14,22.0,24.0,verified autonomous action
15,22.0,24.0,verified autonomous action
16,22.0,24.0,verified autonomous action
17,16.7,29.4,verified autonomous action
18,16.7,29.4,verified autonomous action
19,16.7,29.4,verified autonomous action
20,16.7,29.4,verified autonomous action
21,16.7,29.4,verified autonomous action
22,16.7,29.4,verified autonomous action
23,16.7,29.4,verified autonomous action
24,16.7,29.4,verified autonomous action
25,16.7,29.4,verified autonomous action
26,16.7,29.4,verified autonomous action
27,22.0,24.0,verified autonomous action
28,22.0,24.0,verified autonomous action
29,22.0,24.0,verified autonomous action
30,22.0,24.0,verified autonomous action
31,22.0,24.0,verified autonomous action
32,22.0,24.0,verified autonomous action
33,22.0,24.0,verified autonomous action
34,22.0,24.0,verified autonomous action
35,22.0,24.0,verified autonomous action
36,22.0,24.0,verified autonomous action
37,22.0,24.0,verified autonomous action
38,22.0,24.0,verified autonomous action
39,22.0,24.0,verified autonomous action
40,22.0,24.0,verified autonomous action
41,16.7,29.4,verified autonomous action
42,16.7,29.4,verified autonomous action
43,16.7,29.4,verified autonomous action
44,16.7,29.4,verified autonomous action
45,16.7,29.4,verified autonomous action
46,16.7,29.4,verified autonomous action
47,16.7,29.4,verified autonomous action
48,16.7,29.4,verified autonomous action
49,16.7,29.4,verified autonomous action
50,16.7,29.4,verified autonomous action
51,16.7,29.4,verified autonomous action
52,16.7,29.4,verified autonomous action
53,16.7,29.4,verified autonomous action
54,16.7,29.4,verified autonomous action
55,16.7,29.4,verified autonomous action
56,16.7,29.4,verified autonomous action
57,16.7,29.4,verified autonomous action
58,16.7,29.4,verified autonomous action
59,16.7,29.4,verified autonomous action
60,16.7,29.4,verified autonomous action
61,16.7,29.4,verified autonomous action
62,16.7,29.4,verified autonomous action
63,16.7,29.4,verified autonomous action
64,16.7,29.4,verified autonomous action
65,16.7,29.4,verified autonomous action
66,16.7,29.4,verified autonomous action
67,16.7,29.4,verified autonomous action
68,16.7,29.4,verified autonomous action
69,16.7,29.4,verified autonomous action
70,16.7,29.4,verified autonomous action
71,16.7,29.4,verified autonomous action
72,16.7,29.4,verified autonomous action
73,16.7,29.4,verified autonomous action
74,16.7,29.4,verified autonomous action
75,16.7,29.4,verified autonomous action
76,16.7,29.4,verified autonomous action
77,16.7,29.4,verified autonomous action
78,16.7,29.4,verified autonomous action
79,16.7,29.4,verified autonomous action
80,16.7,29.4,verified autonomous action
81,16.7,29.4,verified autonomous action
82,16.7,29.4,verified autonomous action
83,16.7,29.4,verified autonomous action
84,16.7,29.4,verified autonomous action
85,16.7,29.4,verified autonomous action
86,16.7,29.4,verified autonomous action
87,16.7,29.4,verified autonomous action
88,16.7,29.4,verified autonomous action
89,16.7,29.4,verified autonomous action
90,16.7,29.4,verified autonomous action
91,16.7,29.4,verified autonomous action
92,16.7,29.4,verified autonomous action
93,16.7,29.4,verified autonomous action
94,16.7,29.4,verified autonomous action
95,16.7,29.4,verified autonomous action
96,16.7,29.4,verified autonomous action
97,16.7,29.4,verified autonomous action
98,16.7,29.4,verified autonomous action
99,22.0,24.0,verified autonomous action
100,22.0,24.0,verified autonomous action
101,22.0,24.0,verified autonomous action
102,22.0,24.0,verified autonomous action
103,22.0,24.0,verified autonomous action
104,22.0,24.0,verified autonomous action
105,22.0,24.0,verified autonomous action
106,22.0,24.0,verified autonomous action
107,22.0,24.0,verified autonomous action
108,22.0,24.0,verified autonomous action
109,22.0,24.0,verified autonomous action
110,22.0,24.0,verified autonomous action
111,22.0,24.0,verified autonomous action
112,22.0,24.0,verified autonomous action
113,16.7,29.4,verified autonomous action
114,16.7,29.4,verified autonomous action
115,16.7,29.4,verified autonomous action
116,16.7,29.4,verified autonomous action
117,16.7,29.4,verified autonomous action
118,16.7,29.4,verified autonomous action
119,16.7,29.4,verified autonomous action
120,16.7,29.4,verified autonomous action
121,16.7,29.4,verified autonomous action
122,16.7,29.4,verified autonomous action
123,16.7,29.4,verified autonomous action
124,22.0,24.0,verified autonomous action
125,22.0,24.0,verified autonomous action
126,22.0,24.0,verified autonomous action
127,22.0,24.0,verified autonomous action
128,22.0,24.0,verified autonomous action
129,22.0,24.0,verified autonomous action
130,22.0,24.0,verified autonomous action
131,22.0,24.0,verified autonomous action
132,22.0,24.0,verified autonomous action
133,22.0,24.0,verified autonomous action
134,22.0,24.0,verified autonomous action
135,22.0,24.0,verified autonomous action
136,22.0,24.0,verified autonomous action
137,22.0,24.0,verified autonomous action
138,16.7,29.4,verified autonomous action
139,16.7,29.4,verified autonomous action
140,16.7,29.4,verified autonomous action
141,16.7,29.4,verified autonomous action
142,16.7,29.4,verified autonomous action
143,16.7,29.4,verified autonomous action
144,16.7,29.4,verified autonomous action
145,16.7,29.4,verified autonomous action
146,16.7,29.4,verified autonomous action
147,16.7,29.4,verified autonomous action
148,22.0,24.0,verified autonomous action
149,22.0,24.0,verified autonomous action
150,22.0,24.0,verified autonomous action
151,22.0,24.0,verified autonomous action
152,22.0,24.0,verified autonomous action
153,22.0,24.0,verified autonomous action
154,22.0,24.0,verified autonomous action
155,22.0,24.0,verified autonomous action
156,22.0,24.0,verified autonomous action
157,22.0,24.0,verified autonomous action
158,22.0,24.0,verified autonomous action
159,22.0,24.0,verified autonomous action
160,22.0,24.0,verified autonomous action
161,22.0,24.0,verified autonomous action
162,16.7,29.4,verified autonomous action
163,16.7,29.4,verified autonomous action
164,16.7,29.4,verified autonomous action
165,16.7,29.4,verified autonomous action
166,16.7,29.4,verified autonomous action
167,16.7,29.4,verified autonomous action
168,16.7,29.4,verified autonomous action
169,16.7,29.4,verified autonomous action
170,16.7,29.4,verified autonomous action
171,16.7,29.4,verified autonomous action
172,22.0,24.0,verified autonomous action
173,22.0,24.0,verified autonomous action
174,22.0,24.0,verified autonomous action
175,22.0,24.0,verified autonomous action
176,22.0,24.0,verified autonomous action
177,22.0,24.0,verified autonomous action
178,22.0,24.0,verified autonomous action
179,22.0,24.0,verified autonomous action
180,22.0,24.0,verified autonomous action
181,22.0,24.0,verified autonomous action
182,22.0,24.0,verified autonomous action
183,22.0,24.0,verified autonomous action
184,22.0,24.0,verified autonomous action
185,22.0,24.0,verified autonomous action
186,16.7,29.4,verified autonomous action
187,16.7,29.4,verified autonomous action
188,16.7,29.4,verified autonomous action
189,16.7,29.4,verified autonomous action
190,16.7,29.4,verified autonomous action
191,16.7,29.4,verified autonomous action
192,16.7,29.4,verified autonomous action
193,16.7,29.4,verified autonomous action
194,16.7,29.4,verified autonomous action
195,16.7,29.4,verified autonomous action
196,22.0,24.0,verified autonomous action
197,22.0,24.0,verified autonomous action
198,22.0,24.0,verified autonomous action
199,22.0,24.0,verified autonomous action
200,22.0,24.0,verified autonomous action
201,22.0,24.0,verified autonomous action
202,22.0,24.0,verified autonomous action
203,22.0,24.0,verified autonomous action
204,22.0,24.0,verified autonomous action
205,22.0,24.0,verified autonomous action
206,22.0,24.0,verified autonomous action
207,22.0,24.0,verified autonomous action
208,22.0,24.0,verified autonomous action
209,22.0,24.0,verified autonomous action
210,16.7,29.4,verified autonomous action
211,16.7,29.4,verified autonomous action
212,16.7,29.4,verified autonomous action
213,16.7,29.4,verified autonomous action
214,16.7,29.4,verified autonomous action
215,16.7,29.4,verified autonomous action
216,16.7,29.4,verified autonomous action
217,16.7,29.4,verified autonomous action
218,16.7,29.4,verified autonomous action
219,16.7,29.4,verified autonomous action
220,16.7,29.4,verified autonomous action
221,16.7,29.4,verified autonomous action
222,16.7,29.4,verified autonomous action
223,16.7,29.4,verified autonomous action
224,16.7,29.4,verified autonomous action
225,16.7,29.4,verified autonomous action
226,16.7,29.4,verified autonomous action
227,16.7,29.4,verified autonomous action
228,16.7,29.4,verified autonomous action
229,16.7,29.4,verified autonomous action
230,16.7,29.4,verified autonomous action
231,16.7,29.4,verified autonomous action
232,16.7,29.4,verified autonomous action
233,16.7,29.4,verified autonomous action
234,16.7,29.4,verified autonomous action
235,16.7,29.4,verified autonomous action
236,16.7,29.4,verified autonomous action
237,16.7,29.4,verified autonomous action
238,16.7,29.4,verified autonomous action
239,16.7,29.4,verified autonomous action
240,16.7,29.4,verified autonomous action
241,16.7,29.4,verified autonomous action
242,16.7,29.4,verified autonomous action
243,16.7,29.4,verified autonomous action
244,16.7,29.4,verified autonomous action
245,16.7,29.4,verified autonomous action
246,16.7,29.4,verified autonomous action
247,16.7,29.4,verified autonomous action
248,16.7,29.4,verified autonomous action
249,16.7,29.4,verified autonomous action
250,16.7,29.4,verified autonomous action
251,16.7,29.4,verified autonomous action
252,16.7,29.4,verified autonomous action
253,16.7,29.4,verified autonomous action
254,16.7,29.4,verified autonomous action
255,16.7,29.4,verified autonomous action
256,16.7,29.4,verified autonomous action
257,16.7,29.4,verified autonomous action
258,16.7,29.4,verified autonomous action
259,16.7,29.4,verified autonomous action
260,16.7,29.4,verified autonomous action
261,16.7,29.4,verified autonomous action
262,16.7,29.4,verified autonomous action
263,16.7,29.4,verified autonomous action
264,16.7,29.4,verified autonomous action
265,16.7,29.4,verified autonomous action
266,16.7,29.4,verified autonomous action
267,16.7,29.4,verified autonomous action
268,22.0,24.0,verified autonomous action
269,22.0,24.0,verified autonomous action
270,22.0,24.0,verified autonomous action
271,22.0,24.0,verified autonomous action
272,22.0,24.0,verified autonomous action
273,22.0,24.0,verified autonomous action
274,22.0,24.0,verified autonomous action
275,22.0,24.0,verified autonomous action
276,22.0,24.0,verified autonomous action
277,22.0,24.0,verified autonomous action
278,22.0,24.0,verified autonomous action
279,22.0,24.0,verified autonomous action
280,22.0,24.0,verified autonomous action
281,22.0,24.0,verified autonomous action
282,16.7,29.4,verified autonomous action
283,16.7,29.4,verified autonomous action
284,16.7,29.4,verified autonomous action
285,16.7,29.4,verified autonomous action
286,16.7,29.4,verified autonomous action
287,16.7,29.4,verified autonomous action
288,16.7,29.4,verified autonomous action
289,16.7,29.4,verified autonomous action
290,16.7,29.4,verified autonomous action
291,16.7,29.4,verified autonomous action
292,16.7,29.4,verified autonomous action
293,22.0,24.0,verified autonomous action
294,22.0,24.0,verified autonomous action
295,22.0,24.0,verified autonomous action
296,22.0,24.0,verified autonomous action
297,22.0,24.0,verified autonomous action
298,22.0,24.0,verified autonomous action
299,22.0,24.0,verified autonomous action
300,22.0,24.0,verified autonomous action
301,22.0,24.0,verified autonomous action
302,22.0,24.0,verified autonomous action
303,22.0,24.0,verified autonomous action
304,22.0,24.0,verified autonomous action
305,22.0,24.0,verified autonomous action
306,22.0,24.0,verified autonomous action
307,16.7,29.4,verified autonomous action
308,16.7,29.4,verified autonomous action
309,16.7,29.4,verified autonomous action
310,16.7,29.4,verified autonomous action
311,16.7,29.4,verified autonomous action
312,16.7,29.4,verified autonomous action
313,16.7,29.4,verified autonomous action
314,16.7,29.4,verified autonomous action
315,16.7,29.4,verified autonomous action
316,16.7,29.4,verified autonomous action
317,22.0,24.0,verified autonomous action
318,22.0,24.0,verified autonomous action
319,22.0,24.0,verified autonomous action
320,22.0,24.0,verified autonomous action
321,22.0,24.0,verified autonomous action
322,22.0,24.0,verified autonomous action
323,22.0,24.0,verified autonomous action
324,22.0,24.0,verified autonomous action
325,22.0,24.0,verified autonomous action
326,22.0,24.0,verified autonomous action
327,22.0,24.0,verified autonomous action
328,22.0,24.0,verified autonomous action
329,22.0,24.0,verified autonomous action
330,22.0,24.0,verified autonomous action
331,16.7,29.4,verified autonomous action
332,16.7,29.4,verified autonomous action
333,16.7,29.4,verified autonomous action
334,16.7,29.4,verified autonomous action
335,16.7,29.4,verified autonomous action
336,16.7,29.4,verified autonomous action
337,16.7,29.4,verified autonomous action
338,16.7,29.4,verified autonomous action
339,16.7,29.4,verified autonomous action
340,16.7,29.4,verified autonomous action
341,22.0,24.0,verified autonomous action
342,22.0,24.0,verified autonomous action
343,22.0,24.0,verified autonomous action
344,22.0,24.0,verified autonomous action
345,22.0,24.0,verified autonomous action
346,22.0,24.0,verified autonomous action
347,22.0,24.0,verified autonomous action
348,22.0,24.0,verified autonomous action
349,22.0,24.0,verified autonomous action
350,22.0,24.0,verified autonomous action
351,22.0,24.0,verified autonomous action
352,22.0,24.0,verified autonomous action
353,22.0,24.0,verified autonomous action
354,22.0,24.0,verified autonomous action
355,16.7,29.4,verified autonomous action
356,16.7,29.4,verified autonomous action
357,16.7,29.4,verified autonomous action
358,16.7,29.4,verified autonomous action
359,16.7,29.4,verified autonomous action
360,16.7,29.4,verified autonomous action
361,16.7,29.4,verified autonomous action
362,16.7,29.4,verified autonomous action
363,16.7,29.4,verified autonomous action
364,16.7,29.4,verified autonomous action
365,22.0,24.0,verified autonomous action
366,22.0,24.0,verified autonomous action
367,22.0,24.0,verified autonomous action
368,22.0,24.0,verified autonomous action
369,22.0,24.0,verified autonomous action
370,22.0,24.0,verified autonomous action
371,22.0,24.0,verified autonomous action
372,22.0,24.0,verified autonomous action
373,22.0,24.0,verified autonomous action
374,22.0,24.0,verified autonomous action
375,22.0,24.0,verified autonomous action
376,22.0,24.0,verified autonomous action
377,22.0,24.0,verified autonomous action
378,22.0,24.0,verified autonomous action
379,16.7,29.4,verified autonomous action
380,16.7,29.4,verified autonomous action
381,16.7,29.4,verified autonomous action
382,16.7,29.4,verified autonomous action
383,16.7,29.4,verified autonomous action
384,16.7,29.4,verified autonomous action
385,16.7,29.4,verified autonomous action
386,16.7,29.4,verified autonomous action
387,16.7,29.4,verified autonomous action
388,16.7,29.4,verified autonomous action
389,16.7,29.4,verified autonomous action
390,16.7,29.4,verified autonomous action
391,16.7,29.4,verified autonomous action
392,16.7,29.4,verified autonomous action
393,16.7,29.4,verified autonomous action
394,16.7,29.4,verified autonomous action
395,16.7,29.4,verified autonomous action
396,16.7,29.4,verified autonomous action
397,16.7,29.4,verified autonomous action
398,16.7,29.4,verified autonomous action
399,16.7,29.4,verified autonomous action
400,16.7,29.4,verified autonomous action
401,16.7,29.4,verified autonomous action
402,16.7,29.4,verified autonomous action
403,16.7,29.4,verified autonomous action
404,16.7,29.4,verified autonomous action
405,16.7,29.4,verified autonomous action
406,16.7,29.4,verified autonomous action
407,16.7,29.4,verified autonomous action
408,16.7,29.4,verified autonomous action
409,16.7,29.4,verified autonomous action
410,16.7,29.4,verified autonomous action
411,16.7,29.4,verified autonomous action
412,16.7,29.4,verified autonomous action
413,16.7,29.4,verified autonomous action
414,16.7,29.4,verified autonomous action
415,16.7,29.4,verified autonomous action
416,16.7,29.4,verified autonomous action
417,16.7,29.4,verified autonomous action
418,16.7,29.4,verified autonomous action
419,16.7,29.4,verified autonomous action
420,16.7,29.4,verified autonomous action
421,16.7,29.4,verified autonomous action
422,16.7,29.4,verified autonomous action
423,16.7,29.4,verified autonomous action
424,16.7,29.4,verified autonomous action
425,16.7,29.4,verified autonomous action
426,16.7,29.4,verified autonomous action
427,16.7,29.4,verified autonomous action
428,16.7,29.4,verified autonomous action
429,16.7,29.4,verified autonomous action
430,16.7,29.4,verified autonomous action
431,16.7,29.4,verified autonomous action
432,16.7,29.4,verified autonomous action
433,16.7,29.4,verified autonomous action
434,16.7,29.4,verified autonomous action
435,16.7,29.4,verified autonomous action
436,16.7,29.4,verified autonomous action
437,22.0,24.0,verified autonomous action
438,22.0,24.0,verified autonomous action
439,22.0,24.0,verified autonomous action
440,22.0,24.0,verified autonomous action
441,22.0,24.0,verified autonomous action
442,22.0,24.0,verified autonomous action
443,22.0,24.0,verified autonomous action
444,22.0,24.0,verified autonomous action
445,22.0,24.0,verified autonomous action
446,22.0,24.0,verified autonomous action
447,22.0,24.0,verified autonomous action
448,22.0,24.0,verified autonomous action
449,22.0,24.0,verified autonomous action
450,22.0,24.0,verified autonomous action
451,16.7,29.4,verified autonomous action
452,16.7,29.4,verified autonomous action
453,16.7,29.4,verified autonomous action
454,16.7,29.4,verified autonomous action
455,16.7,29.4,verified autonomous action
456,16.7,29.4,verified autonomous action
457,16.7,29.4,verified autonomous action
458,16.7,29.4,verified autonomous action
459,16.7,29.4,verified autonomous action
460,16.7,29.4,verified autonomous action
461,16.7,29.4,verified autonomous action
462,22.0,24.0,verified autonomous action
463,22.0,24.0,verified autonomous action
464,22.0,24.0,verified autonomous action
465,22.0,24.0,verified autonomous action
466,22.0,24.0,verified autonomous action
467,22.0,24.0,verified autonomous action
468,22.0,24.0,verified autonomous action
469,22.0,24.0,verified autonomous action
470,22.0,24.0,verified autonomous action
471,22.0,24.0,verified autonomous action
472,22.0,24.0,verified autonomous action
473,22.0,24.0,verified autonomous action
474,22.0,24.0,verified autonomous action
475,22.0,24.0,verified autonomous action
476,16.7,29.4,verified autonomous action
477,16.7,29.4,verified autonomous action
478,16.7,29.4,verified autonomous action
479,16.7,29.4,verified autonomous action
480,16.7,29.4,verified autonomous action
481,16.7,29.4,verified autonomous action
482,16.7,29.4,verified autonomous action
483,16.7,29.4,verified autonomous action
484,16.7,29.4,verified autonomous action
485,16.7,29.4,verified autonomous action
486,22.0,24.0,verified autonomous action
487,22.0,24.0,verified autonomous action
488,22.0,24.0,verified autonomous action
489,22.0,24.0,verified autonomous action
490,22.0,24.0,verified autonomous action
491,22.0,24.0,verified autonomous action
492,22.0,24.0,verified autonomous action
493,22.0,24.0,verified autonomous action
494,22.0,24.0,verified autonomous action
495,22.0,24.0,verified autonomous action
496,22.0,24.0,verified autonomous action
497,22.0,24.0,verified autonomous action
498,22.0,24.0,verified autonomous action
499,22.0,24.0,verified autonomous action
500,16.7,29.4,verified autonomous action
501,16.7,29.4,verified autonomous action
502,16.7,29.4,verified autonomous action
503,16.7,29.4,verified autonomous action
504,16.7,29.4,verified autonomous action
505,16.7,29.4,verified autonomous action
506,16.7,29.4,verified autonomous action
507,16.7,29.4,verified autonomous action
508,16.7,29.4,verified autonomous action
509,16.7,29.4,verified autonomous action
510,22.0,24.0,verified autonomous action
511,22.0,24.0,verified autonomous action
512,22.0,24.0,verified autonomous action
513,22.0,24.0,verified autonomous action
514,22.0,24.0,verified autonomous action
515,22.0,24.0,verified autonomous action
516,22.0,24.0,verified autonomous action
517,22.0,24.0,verified autonomous action
518,22.0,24.0,verified autonomous action
519,22.0,24.0,verified autonomous action
520,22.0,24.0,verified autonomous action
521,22.0,24.0,verified autonomous action
522,22.0,24.0,verified autonomous action
523,22.0,24.0,verified autonomous action
524,16.7,29.4,verified autonomous action
525,16.7,29.4,verified autonomous action
526,16.7,29.4,verified autonomous action
527,16.7,29.4,verified autonomous action
528,16.7,29.4,verified autonomous action
529,16.7,29.4,verified autonomous action
530,16.7,29.4,verified autonomous action
531,16.7,29.4,verified autonomous action
532,16.7,29.4,verified autonomous action
533,16.7,29.4,verified autonomous action
534,22.0,24.0,verified autonomous action
535,22.0,24.0,verified autonomous action
536,22.0,24.0,verified autonomous action
537,22.0,24.0,verified autonomous action
538,22.0,24.0,verified autonomous action
539,22.0,24.0,verified autonomous action
540,22.0,24.0,verified autonomous action
541,22.0,24.0,verified autonomous action
542,22.0,24.0,verified autonomous action
543,22.0,24.0,verified autonomous action
544,22.0,24.0,verified autonomous action
545,22.0,24.0,verified autonomous action
546,22.0,24.0,verified autonomous action
547,22.0,24.0,verified autonomous action
548,16.7,29.4,verified autonomous action
549,16.7,29.4,verified autonomous action
550,16.7,29.4,verified autonomous action
551,16.7,29.4,verified autonomous action
552,16.7,29.4,verified autonomous action
553,16.7,29.4,verified autonomous action
554,16.7,29.4,verified autonomous action
555,16.7,29.4,verified autonomous action
556,16.7,29.4,verified autonomous action
557,16.7,29.4,verified autonomous action
558,16.7,29.4,verified autonomous action
559,16.7,29.4,verified autonomous action
560,16.7,29.4,verified autonomous action
561,16.7,29.4,verified autonomous action
562,16.7,29.4,verified autonomous action
563,16.7,29.4,verified autonomous action
564,16.7,29.4,verified autonomous action
565,16.7,29.4,verified autonomous action
566,16.7,29.4,verified autonomous action
567,16.7,29.4,verified autonomous action
568,16.7,29.4,verified autonomous action
569,16.7,29.4,verified autonomous action
570,16.7,29.4,verified autonomous action
571,16.7,29.4,verified autonomous action
572,16.7,29.4,verified autonomous action
573,16.7,29.4,verified autonomous action
574,16.7,29.4,verified autonomous action
575,16.7,29.4,verified autonomous action
576,16.7,29.4,verified autonomous action
577,16.7,29.4,verified autonomous action
578,16.7,29.4,verified autonomous action
579,16.7,29.4,verified autonomous action
580,16.7,29.4,verified autonomous action
581,16.7,29.4,verified autonomous action
582,16.7,29.4,verified autonomous action
583,16.7,29.4,verified autonomous action
584,16.7,29.4,verified autonomous action
585,16.7,29.4,verified autonomous action
586,16.7,29.4,verified autonomous action
587,16.7,29.4,verified autonomous action
588,16.7,29.4,verified autonomous action
589,16.7,29.4,verified autonomous action
590,16.7,29.4,verified autonomous action
591,16.7,29.4,verified autonomous action
592,16.7,29.4,verified autonomous action
593,16.7,29.4,verified autonomous action
594,16.7,29.4,verified autonomous action
595,16.7,29.4,verified autonomous action
596,16.7,29.4,verified autonomous action
597,16.7,29.4,verified autonomous action
598,16.7,29.4,verified autonomous action
599,16.7,29.4,verified autonomous action
600,16.7,29.4,verified autonomous action
601,16.7,29.4,verified autonomous action
602,16.7,29.4,verified autonomous action
603,16.7,29.4,verified autonomous action
604,16.7,29.4,verified autonomous action
605,16.7,29.4,verified autonomous action
606,22.0,24.0,verified autonomous action
607,22.0,24.0,verified autonomous action
608,22.0,24.0,verified autonomous action
609,22.0,24.0,verified autonomous action
610,22.0,24.0,verified autonomous action
611,22.0,24.0,verified autonomous action
612,22.0,24.0,verified autonomous action
613,22.0,24.0,verified autonomous action
614,22.0,24.0,verified autonomous action
615,22.0,24.0,verified autonomous action
616,22.0,24.0,verified autonomous action
617,22.0,24.0,verified autonomous action
618,22.0,24.0,verified autonomous action
619,22.0,24.0,verified autonomous action
620,16.7,29.4,verified autonomous action
621,16.7,29.4,verified autonomous action
622,16.7,29.4,verified autonomous action
623,16.7,29.4,verified autonomous action
624,16.7,29.4,verified autonomous action
625,16.7,29.4,verified autonomous action
626,16.7,29.4,verified autonomous action
627,16.7,29.4,verified autonomous action
628,16.7,29.4,verified autonomous action
629,16.7,29.4,verified autonomous action
630,16.7,29.4,verified autonomous action
631,22.0,24.0,verified autonomous action
632,22.0,24.0,verified autonomous action
633,22.0,24.0,verified autonomous action
634,22.0,24.0,verified autonomous action
635,22.0,24.0,verified autonomous action
636,22.0,24.0,verified autonomous action
637,22.0,24.0,verified autonomous action
638,22.0,24.0,verified autonomous action
639,22.0,24.0,verified autonomous action
640,22.0,24.0,verified autonomous action
641,22.0,24.0,verified autonomous action
642,22.0,24.0,verified autonomous action
643,22.0,24.0,verified autonomous action
644,22.0,24.0,verified autonomous action
645,16.7,29.4,verified autonomous action
646,16.7,29.4,verified autonomous action
647,16.7,29.4,verified autonomous action
648,16.7,29.4,verified autonomous action
649,16.7,29.4,verified autonomous action
650,16.7,29.4,verified autonomous action
651,16.7,29.4,verified autonomous action
652,16.7,29.4,verified autonomous action
653,16.7,29.4,verified autonomous action
654,16.7,29.4,verified autonomous action
655,22.0,24.0,verified autonomous action
656,22.0,24.0,verified autonomous action
657,22.0,24.0,verified autonomous action
658,22.0,24.0,verified autonomous action
659,22.0,24.0,verified autonomous action
660,22.0,24.0,verified autonomous action
661,22.0,24.0,verified autonomous action
662,22.0,24.0,verified autonomous action
663,22.0,24.0,verified autonomous action
664,22.0,24.0,verified autonomous action
665,22.0,24.0,verified autonomous action
666,22.0,24.0,verified autonomous action
667,22.0,24.0,verified autonomous action
668,22.0,24.0,verified autonomous action
669,16.7,29.4,verified autonomous action
670,16.7,29.4,verified autonomous action
671,16.7,29.4,verified autonomous action
672,16.7,29.4,verified autonomous action
673,16.7,29.4,verified autonomous action
674,16.7,29.4,verified autonomous action
675,16.7,29.4,verified autonomous action
676,16.7,29.4,verified autonomous action
677,16.7,29.4,verified autonomous action
678,16.7,29.4,verified autonomous action
679,22.0,24.0,verified autonomous action
680,22.0,24.0,verified autonomous action
681,22.0,24.0,verified autonomous action
682,22.0,24.0,verified autonomous action
683,22.0,24.0,verified autonomous action
684,22.0,24.0,verified autonomous action
685,22.0,24.0,verified autonomous action
686,22.0,24.0,verified autonomous action
687,22.0,24.0,verified autonomous action
688,22.0,24.0,verified autonomous action
689,22.0,24.0,verified autonomous action
690,22.0,24.0,verified autonomous action
691,22.0,24.0,verified autonomous action
692,22.0,24.0,verified autonomous action
693,16.7,29.4,verified autonomous action
694,16.7,29.4,verified autonomous action
695,16.7,29.4,verified autonomous action
696,16.7,29.4,verified autonomous action
697,16.7,29.4,verified autonomous action
698,16.7,29.4,verified autonomous action
699,16.7,29.4,verified autonomous action
700,16.7,29.4,verified autonomous action
701,16.7,29.4,verified autonomous action
702,16.7,29.4,verified autonomous action
703,22.0,24.0,verified autonomous action
704,22.0,24.0,verified autonomous action
705,22.0,24.0,verified autonomous action
706,22.0,24.0,verified autonomous action
707,22.0,24.0,verified autonomous action
708,22.0,24.0,verified autonomous action
709,22.0,24.0,verified autonomous action
710,22.0,24.0,verified autonomous action
711,22.0,24.0,verified autonomous action
712,22.0,24.0,verified autonomous action
713,22.0,24.0,verified autonomous action
714,22.0,24.0,verified autonomous action
715,22.0,24.0,verified autonomous action
716,22.0,24.0,verified autonomous action
717,16.7,29.4,verified autonomous action
718,16.7,29.4,verified autonomous action
719,16.7,29.4,verified autonomous action
720,16.7,29.4,verified autonomous action
721,16.7,29.4,verified autonomous action
722,16.7,29.4,verified autonomous action
723,16.7,29.4,verified autonomous action
724,16.7,29.4,verified autonomous action
725,16.7,29.4,verified autonomous action
726,16.7,29.4,verified autonomous action
727,16.7,29.4,verified autonomous action
728,16.7,29.4,verified autonomous action
729,16.7,29.4,verified autonomous action
730,16.7,29.4,verified autonomous action
731,16.7,29.4,verified autonomous action
732,16.7,29.4,verified autonomous action
733,16.7,29.4,verified autonomous action
734,16.7,29.4,verified autonomous action
735,16.7,29.4,verified autonomous action
736,16.7,29.4,verified autonomous action
737,16.7,29.4,verified autonomous action
738,16.7,29.4,verified autonomous action
739,16.7,29.4,verified autonomous action
740,16.7,29.4,verified autonomous action
741,16.7,29.4,verified autonomous action
742,16.7,29.4,verified autonomous action
743,16.7,29.4,verified autonomous action
744,16.7,29.4,verified autonomous action
745,16.7,29.4,verified autonomous action
746,16.7,29.4,verified autonomous action
747,16.7,29.4,verified autonomous action
748,16.7,29.4,verified autonomous action
749,16.7,29.4,verified autonomous action
750,16.7,29.4,verified autonomous action
751,16.7,29.4,verified autonomous action
752,16.7,29.4,verified autonomous action
753,16.7,29.4,verified autonomous action
754,16.7,29.4,verified autonomous action
755,16.7,29.4,verified autonomous action
756,16.7,29.4,verified autonomous action
757,16.7,29.4,verified autonomous action
758,16.7,29.4,verified autonomous action
759,16.7,29.4,verified autonomous action
760,16.7,29.4,verified autonomous action
761,16.7,29.4,verified autonomous action
762,16.7,29.4,verified autonomous action
763,16.7,29.4,verified autonomous action
764,16.7,29.4,verified autonomous action
765,16.7,29.4,verified autonomous action
766,16.7,29.4,verified autonomous action
767,16.7,29.4,verified autonomous action
768,16.7,29.4,verified autonomous action
769,16.7,29.4,verified autonomous action
770,16.7,29.4,verified autonomous action
771,16.7,29.4,verified autonomous action
772,16.7,29.4,verified autonomous action
773,16.7,29.4,verified autonomous action
774,16.7,29.4,verified autonomous action
775,22.0,24.0,verified autonomous action
776,22.0,24.0,verified autonomous action
777,22.0,24.0,verified autonomous action
778,22.0,24.0,verified autonomous action
779,22.0,24.0,verified autonomous action
780,22.0,24.0,verified autonomous action
781,22.0,24.0,verified autonomous action
782,22.0,24.0,verified autonomous action
783,22.0,24.0,verified autonomous action
784,22.0,24.0,verified autonomous action
785,22.0,24.0,verified autonomous action
786,22.0,24.0,verified autonomous action
787,22.0,24.0,verified autonomous action
788,22.0,24.0,verified autonomous action
789,16.7,29.4,verified autonomous action
790,16.7,29.4,verified autonomous action
791,16.7,29.4,verified autonomous action
792,16.7,29.4,verified autonomous action
793,16.7,29.4,verified autonomous action
794,16.7,29.4,verified autonomous action
795,16.7,29.4,verified autonomous action
796,16.7,29.4,verified autonomous action
797,16.7,29.4,verified autonomous action
798,16.7,29.4,verified autonomous action
799,16.7,29.4,verified autonomous action
800,22.0,24.0,verified autonomous action
801,22.0,24.0,verified autonomous action
802,22.0,24.0,verified autonomous action
803,22.0,24.0,verified autonomous action
804,22.0,24.0,verified autonomous action
805,22.0,24.0,verified autonomous action
806,22.0,24.0,verified autonomous action
807,22.0,24.0,verified autonomous action
808,22.0,24.0,verified autonomous action
809,22.0,24.0,verified autonomous action
810,22.0,24.0,verified autonomous action
811,22.0,24.0,verified autonomous action
812,22.0,24.0,verified autonomous action
813,22.0,24.0,verified autonomous action
814,16.7,29.4,verified autonomous action
815,16.7,29.4,verified autonomous action
816,16.7,29.4,verified autonomous action
817,16.7,29.4,verified autonomous action
818,16.7,29.4,verified autonomous action
819,16.7,29.4,verified autonomous action
820,16.7,29.4,verified autonomous action
821,16.7,29.4,verified autonomous action
822,16.7,29.4,verified autonomous action
823,16.7,29.4,verified autonomous action
824,22.0,24.0,verified autonomous action
825,22.0,24.0,verified autonomous action
826,22.0,24.0,verified autonomous action
827,22.0,24.0,verified autonomous action
828,22.0,24.0,verified autonomous action
829,22.0,24.0,verified autonomous action
830,22.0,24.0,verified autonomous action
831,22.0,24.0,verified autonomous action
832,22.0,24.0,verified autonomous action
833,22.0,24.0,verified autonomous action
834,22.0,24.0,verified autonomous action
835,22.0,24.0,verified autonomous action
836,22.0,24.0,verified autonomous action
837,22.0,24.0,verified autonomous action
838,16.7,29.4,verified autonomous action
839,16.7,29.4,verified autonomous action
840,16.7,29.4,verified autonomous action
841,16.7,29.4,verified autonomous action
842,16.7,29.4,verified autonomous action
843,16.7,29.4,verified autonomous action
844,16.7,29.4,verified autonomous action
845,16.7,29.4,verified autonomous action
846,16.7,29.4,verified autonomous action
847,16.7,29.4,verified autonomous action
848,22.0,24.0,verified autonomous action
849,22.0,24.0,verified autonomous action
850,22.0,24.0,verified autonomous action
851,22.0,24.0,verified autonomous action
852,22.0,24.0,verified autonomous action
853,22.0,24.0,verified autonomous action
854,22.0,24.0,verified autonomous action
855,22.0,24.0,verified autonomous action
856,22.0,24.0,verified autonomous action
857,22.0,24.0,verified autonomous action
858,22.0,24.0,verified autonomous action
859,22.0,24.0,verified autonomous action
860,22.0,24.0,verified autonomous action
861,22.0,24.0,verified autonomous action
862,16.7,29.4,verified autonomous action
863,16.7,29.4,verified autonomous action
864,16.7,29.4,verified autonomous action
865,16.7,29.4,verified autonomous action
866,16.7,29.4,verified autonomous action
867,16.7,29.4,verified autonomous action
868,16.7,29.4,verified autonomous action
869,16.7,29.4,verified autonomous action
870,16.7,29.4,verified autonomous action
871,16.7,29.4,verified autonomous action
872,22.0,24.0,verified autonomous action
873,22.0,24.0,verified autonomous action
874,22.0,24.0,verified autonomous action
875,22.0,24.0,verified autonomous action
876,22.0,24.0,verified autonomous action
877,22.0,24.0,verified autonomous action
878,22.0,24.0,verified autonomous action
879,22.0,24.0,verified autonomous action
880,22.0,24.0,verified autonomous action
881,22.0,24.0,verified autonomous action
882,22.0,24.0,verified autonomous action
883,22.0,24.0,verified autonomous action
884,22.0,24.0,verified autonomous action
885,22.0,24.0,verified autonomous action
886,16.7,29.4,verified autonomous action
887,16.7,29.4,verified autonomous action
888,16.7,29.4,verified autonomous action
889,16.7,29.4,verified autonomous action
890,16.7,29.4,verified autonomous action
891,16.7,29.4,verified autonomous action
892,16.7,29.4,verified autonomous action
893,16.7,29.4,verified autonomous action
894,16.7,29.4,verified autonomous action
895,16.7,29.4,verified autonomous action
896,16.7,29.4,verified autonomous action
897,16.7,29.4,verified autonomous action
898,16.7,29.4,verified autonomous action
899,16.7,29.4,verified autonomous action
900,16.7,29.4,verified autonomous action
901,16.7,29.4,verified autonomous action
902,16.7,29.4,verified autonomous action
903,16.7,29.4,verified autonomous action
904,16.7,29.4,verified autonomous action
905,16.7,29.4,verified autonomous action
906,16.7,29.4,verified autonomous action
907,16.7,29.4,verified autonomous action
908,16.7,29.4,verified autonomous action
909,16.7,29.4,verified autonomous action
910,16.7,29.4,verified autonomous action
911,16.7,29.4,verified autonomous action
912,16.7,29.4,verified autonomous action
913,16.7,29.4,verified autonomous action
914,16.7,29.4,verified autonomous action
915,16.7,29.4,verified autonomous action
916,16.7,29.4,verified autonomous action
917,16.7,29.4,verified autonomous action
918,16.7,29.4,verified autonomous action
919,16.7,29.4,verified autonomous action
920,16.7,29.4,verified autonomous action
921,16.7,29.4,verified autonomous action
922,16.7,29.4,verified autonomous action
923,16.7,29.4,verified autonomous action
924,16.7,29.4,verified autonomous action
925,16.7,29.4,verified autonomous action
926,16.7,29.4,verified autonomous action
927,16.7,29.4,verified autonomous action
928,16.7,29.4,verified autonomous action
929,16.7,29.4,verified autonomous action
930,16.7,29.4,verified autonomous action
931,16.7,29.4,verified autonomous action
932,16.7,29.4,verified autonomous action
933,16.7,29.4,verified autonomous action
934,16.7,29.4,verified autonomous action
935,16.7,29.4,verified autonomous action
936,16.7,29.4,verified autonomous action
937,16.7,29.4,verified autonomous action
938,16.7,29.4,verified autonomous action
939,16.7,29.4,verified autonomous action
940,16.7,29.4,verified autonomous action
941,16.7,29.4,verified autonomous action
942,16.7,29.4,verified autonomous action
943,16.7,29.4,verified autonomous action
944,22.0,24.0,verified autonomous action
945,22.0,24.0,verified autonomous action
946,22.0,24.0,verified autonomous action
947,22.0,24.0,verified autonomous action
948,22.0,24.0,verified autonomous action
949,22.0,24.0,verified autonomous action
950,22.0,24.0,verified autonomous action
951,22.0,24.0,verified autonomous action
952,22.0,24.0,verified autonomous action
953,22.0,24.0,verified autonomous action
954,22.0,24.0,verified autonomous action
955,22.0,24.0,verified autonomous action
956,22.0,24.0,verified autonomous action
957,22.0,24.0,verified autonomous action
958,16.7,29.4,verified autonomous action
959,16.7,29.4,verified autonomous action
960,16.7,29.4,verified autonomous action
961,16.7,29.4,verified autonomous action
962,16.7,29.4,verified autonomous action
963,16.7,29.4,verified autonomous action
964,16.7,29.4,verified autonomous action
965,16.7,29.4,verified autonomous action
966,16.7,29.4,verified autonomous action
967,16.7,29.4,verified autonomous action
968,16.7,29.4,verified autonomous action
969,22.0,24.0,verified autonomous action
970,22.0,24.0,verified autonomous action
971,22.0,24.0,verified autonomous action
972,22.0,24.0,verified autonomous action
973,22.0,24.0,verified autonomous action
974,22.0,24.0,verified autonomous action
975,22.0,24.0,verified autonomous action
976,22.0,24.0,verified autonomous action
977,22.0,24.0,verified autonomous action
978,22.0,24.0,verified autonomous action
979,22.0,24.0,verified autonomous action
980,22.0,24.0,verified autonomous action
981,22.0,24.0,verified autonomous action
982,22.0,24.0,verified autonomous action
983,16.7,29.4,verified autonomous action
984,16.7,29.4,verified autonomous action
985,16.7,29.4,verified autonomous action
986,16.7,29.4,verified autonomous action
987,16.7,29.4,verified autonomous action
988,16.7,29.4,verified autonomous action
989,16.7,29.4,verified autonomous action
990,16.7,29.4,verified autonomous action
991,16.7,29.4,verified autonomous action
992,16.7,29.4,verified autonomous action
993,22.0,24.0,verified autonomous action
994,22.0,24.0,verified autonomous action
995,22.0,24.0,verified autonomous action
996,22.0,24.0,verified autonomous action
997,22.0,24.0,verified autonomous action
998,22.0,24.0,verified autonomous action
999,22.0,24.0,verified autonomous action
1000,22.0,24.0,verified autonomous action
1001,22.0,24.0,verified autonomous action
1002,22.0,24.0,verified autonomous action
1003,22.0,24.0,verified autonomous action
1004,22.0,24.0,verified autonomous action
1005,22.0,24.0,verified autonomous action
1006,22.0,24.0,verified autonomous action
1007,16.7,29.4,verified autonomous action
1008,16.7,29.4,verified autonomous action
1009,16.7,29.4,verified autonomous action
1010,16.7,29.4,verified autonomous action
1011,16.7,29.4,verified autonomous action
1012,16.7,29.4,verified autonomous action
1013,16.7,29.4,verified autonomous action
1014,16.7,29.4,verified autonomous action
1015,16.7,29.4,verified autonomous action
1016,16.7,29.4,verified autonomous action
1017,22.0,24.0,verified autonomous action
1018,22.0,24.0,verified autonomous action
1019,22.0,24.0,verified autonomous action
1020,22.0,24.0,verified autonomous action
1021,22.0,24.0,verified autonomous action
1022,22.0,24.0,verified autonomous action
1023,22.0,24.0,verified autonomous action
1024,22.0,24.0,verified autonomous action
1025,22.0,24.0,verified autonomous action
1026,22.0,24.0,verified autonomous action
1027,22.0,24.0,verified autonomous action
1028,22.0,24.0,verified autonomous action
1029,22.0,24.0,verified autonomous action
1030,22.0,24.0,verified autonomous action
1031,16.7,29.4,verified autonomous action
1032,16.7,29.4,verified autonomous action
1033,16.7,29.4,verified autonomous action
1034,16.7,29.4,verified autonomous action
1035,16.7,29.4,verified autonomous action
1036,16.7,29.4,verified autonomous action
1037,16.7,29.4,verified autonomous action
1038,16.7,29.4,verified autonomous action
1039,16.7,29.4,verified autonomous action
1040,16.7,29.4,verified autonomous action
1041,22.0,24.0,verified autonomous action
1042,22.0,24.0,verified autonomous action
1043,22.0,24.0,verified autonomous action
1044,22.0,24.0,verified autonomous action
1045,22.0,24.0,verified autonomous action
1046,22.0,24.0,verified autonomous action
1047,22.0,24.0,verified autonomous action
1048,22.0,24.0,verified autonomous action
1049,22.0,24.0,verified autonomous action
1050,22.0,24.0,verified autonomous action
1051,22.0,24.0,verified autonomous action
1052,22.0,24.0,verified autonomous action
1053,22.0,24.0,verified autonomous action
1054,22.0,24.0,verified autonomous action
1055,16.7,29.4,verified autonomous action
1056,16.7,29.4,verified autonomous action
1057,16.7,29.4,verified autonomous action
1058,16.7,29.4,verified autonomous action
1059,16.7,29.4,verified autonomous action
1060,16.7,29.4,verified autonomous action
1061,16.7,29.4,verified autonomous action
1062,16.7,29.4,verified autonomous action
1063,16.7,29.4,verified autonomous action
1064,16.7,29.4,verified autonomous action
1065,16.7,29.4,verified autonomous action
1066,16.7,29.4,verified autonomous action
1067,16.7,29.4,verified autonomous action
1068,16.7,29.4,verified autonomous action
1069,16.7,29.4,verified autonomous action
1070,16.7,29.4,verified autonomous action
1071,16.7,29.4,verified autonomous action
1072,16.7,29.4,verified autonomous action
1073,16.7,29.4,verified autonomous action
1074,16.7,29.4,verified autonomous action
1075,16.7,29.4,verified autonomous action
1076,16.7,29.4,verified autonomous action
1077,16.7,29.4,verified autonomous action
1078,16.7,29.4,verified autonomous action
1079,16.7,29.4,verified autonomous action
1080,16.7,29.4,verified autonomous action
1081,16.7,29.4,verified autonomous action
1082,16.7,29.4,verified autonomous action
1083,16.7,29.4,verified autonomous action
1084,16.7,29.4,verified autonomous action
1085,16.7,29.4,verified autonomous action
1086,16.7,29.4,verified autonomous action
1087,16.7,29.4,verified autonomous action
1088,16.7,29.4,verified autonomous action
1089,16.7,29.4,verified autonomous action
1090,16.7,29.4,verified autonomous action
1091,16.7,29.4,verified autonomous action
1092,16.7,29.4,verified autonomous action
1093,16.7,29.4,verified autonomous action
1094,16.7,29.4,verified autonomous action
1095,16.7,29.4,verified autonomous action
1096,16.7,29.4,verified autonomous action
1097,16.7,29.4,verified autonomous action
1098,16.7,29.4,verified autonomous action
1099,16.7,29.4,verified autonomous action
1100,16.7,29.4,verified autonomous action
1101,16.7,29.4,verified autonomous action
1102,16.7,29.4,verified autonomous action
1103,16.7,29.4,verified autonomous action
1104,16.7,29.4,verified autonomous action
1105,16.7,29.4,verified autonomous action
1106,16.7,29.4,verified autonomous action
1107,16.7,29.4,verified autonomous action
1108,16.7,29.4,verified autonomous action
1109,16.7,29.4,verified autonomous action
1110,16.7,29.4,verified autonomous action
1111,16.7,29.4,verified autonomous action
1112,16.7,29.4,verified autonomous action
1113,22.0,24.0,verified autonomous action
1114,22.0,24.0,verified autonomous action
1115,22.0,24.0,verified autonomous action
1116,22.0,24.0,verified autonomous action
1117,22.0,24.0,verified autonomous action
1118,22.0,24.0,verified autonomous action
1119,22.0,24.0,verified autonomous action
1120,22.0,24.0,verified autonomous action
1121,22.0,24.0,verified autonomous action
1122,22.0,24.0,verified autonomous action
1123,22.0,24.0,verified autonomous action
1124,22.0,24.0,verified autonomous action
1125,22.0,24.0,verified autonomous action
1126,22.0,24.0,verified autonomous action
1127,16.7,29.4,verified autonomous action
1128,16.7,29.4,verified autonomous action
1129,16.7,29.4,verified autonomous action
1130,16.7,29.4,verified autonomous action
1131,16.7,29.4,verified autonomous action
1132,16.7,29.4,verified autonomous action
1133,16.7,29.4,verified autonomous action
1134,16.7,29.4,verified autonomous action
1135,16.7,29.4,verified autonomous action
1136,16.7,29.4,verified autonomous action
1137,16.7,29.4,verified autonomous action
1138,22.0,24.0,verified autonomous action
1139,22.0,24.0,verified autonomous action
1140,22.0,24.0,verified autonomous action
1141,22.0,24.0,verified autonomous action
1142,22.0,24.0,verified autonomous action
1143,22.0,24.0,verified autonomous action
1144,22.0,24.0,verified autonomous action
1145,22.0,24.0,verified autonomous action
1146,22.0,24.0,verified autonomous action
1147,22.0,24.0,verified autonomous action
1148,22.0,24.0,verified autonomous action
1149,22.0,24.0,verified autonomous action
1150,22.0,24.0,verified autonomous action
1151,22.0,24.0,verified autonomous action
1152,16.7,29.4,verified autonomous action
1153,16.7,29.4,verified autonomous action
1154,16.7,29.4,verified autonomous action
1155,16.7,29.4,verified autonomous action
1156,16.7,29.4,verified autonomous action
1157,16.7,29.4,verified autonomous action
1158,16.7,29.4,verified autonomous action
1159,16.7,29.4,verified autonomous action
1160,16.7,29.4,verified autonomous action
1161,16.7,29.4,verified autonomous action
1162,22.0,24.0,verified autonomous action
1163,22.0,24.0,verified autonomous action
1164,22.0,24.0,verified autonomous action
1165,22.0,24.0,verified autonomous action
1166,22.0,24.0,verified autonomous action
1167,22.0,24.0,verified autonomous action
1168,22.0,24.0,verified autonomous action
1169,22.0,24.0,verified autonomous action
1170,22.0,24.0,verified autonomous action
1171,22.0,24.0,verified autonomous action
1172,22.0,24.0,verified autonomous action
1173,22.0,24.0,verified autonomous action
1174,22.0,24.0,verified autonomous action
1175,22.0,24.0,verified autonomous action
1176,16.7,29.4,verified autonomous action
1177,16.7,29.4,verified autonomous action
1178,16.7,29.4,verified autonomous action
1179,16.7,29.4,verified autonomous action
1180,16.7,29.4,verified autonomous action
1181,16.7,29.4,verified autonomous action
1182,16.7,29.4,verified autonomous action
1183,16.7,29.4,verified autonomous action
1184,16.7,29.4,verified autonomous action
1185,16.7,29.4,verified autonomous action
1186,22.0,24.0,verified autonomous action
1187,22.0,24.0,verified autonomous action
1188,22.0,24.0,verified autonomous action
1189,22.0,24.0,verified autonomous action
1190,22.0,24.0,verified autonomous action
1191,22.0,24.0,verified autonomous action
1192,22.0,24.0,verified autonomous action
1193,22.0,24.0,verified autonomous action
1194,22.0,24.0,verified autonomous action
1195,22.0,24.0,verified autonomous action
1196,22.0,24.0,verified autonomous action
1197,22.0,24.0,verified autonomous action
1198,22.0,24.0,verified autonomous action
1199,22.0,24.0,verified autonomous action
1200,16.7,29.4,verified autonomous action
1201,16.7,29.4,verified autonomous action
1202,16.7,29.4,verified autonomous action
1203,16.7,29.4,verified autonomous action
1204,16.7,29.4,verified autonomous action
1205,16.7,29.4,verified autonomous action
1206,16.7,29.4,verified autonomous action
1207,16.7,29.4,verified autonomous action
1208,16.7,29.4,verified autonomous action
1209,16.7,29.4,verified autonomous action
1210,22.0,24.0,verified autonomous action
1211,22.0,24.0,verified autonomous action
1212,22.0,24.0,verified autonomous action
1213,22.0,24.0,verified autonomous action
1214,22.0,24.0,verified autonomous action
1215,22.0,24.0,verified autonomous action
1216,22.0,24.0,verified autonomous action
1217,22.0,24.0,verified autonomous action
1218,22.0,24.0,verified autonomous action
1219,22.0,24.0,verified autonomous action
1220,22.0,24.0,verified autonomous action
1221,22.0,24.0,verified autonomous action
1222,22.0,24.0,verified autonomous action
1223,22.0,24.0,verified autonomous action
1224,16.7,29.4,verified autonomous action
1225,16.7,29.4,verified autonomous action
1226,16.7,29.4,verified autonomous action
1227,16.7,29.4,verified autonomous action
1228,16.7,29.4,verified autonomous action
1229,16.7,29.4,verified autonomous action
1230,16.7,29.4,verified autonomous action
1231,16.7,29.4,verified autonomous action
1232,16.7,29.4,verified autonomous action
1233,16.7,29.4,verified autonomous action
1234,16.7,29.4,verified autonomous action
1235,16.7,29.4,verified autonomous action
1236,16.7,29.4,verified autonomous action
1237,16.7,29.4,verified autonomous action
1238,16.7,29.4,verified autonomous action
1239,16.7,29.4,verified autonomous action
1240,16.7,29.4,verified autonomous action
1241,16.7,29.4,verified autonomous action
1242,16.7,29.4,verified autonomous action
1243,16.7,29.4,verified autonomous action
1244,16.7,29.4,verified autonomous action
1245,16.7,29.4,verified autonomous action
1246,16.7,29.4,verified autonomous action
1247,16.7,29.4,verified autonomous action
1248,16.7,29.4,verified autonomous action
1249,16.7,29.4,verified autonomous action
1250,16.7,29.4,verified autonomous action
1251,16.7,29.4,verified autonomous action
1252,16.7,29.4,verified autonomous action
1253,16.7,29.4,verified autonomous action
1254,16.7,29.4,verified autonomous action
1255,16.7,29.4,verified autonomous action
1256,16.7,29.4,verified autonomous action
1257,16.7,29.4,verified autonomous action
1258,16.7,29.4,verified autonomous action
1259,16.7,29.4,verified autonomous action
1260,16.7,29.4,verified autonomous action
1261,16.7,29.4,verified autonomous action
1262,16.7,29.4,verified autonomous action
1263,16.7,29.4,verified autonomous action
1264,16.7,29.4,verified autonomous action
1265,16.7,29.4,verified autonomous action
1266,16.7,29.4,verified autonomous action
1267,16.7,29.4,verified autonomous action
1268,16.7,29.4,verified autonomous action
1269,16.7,29.4,verified autonomous action
1270,16.7,29.4,verified autonomous action
1271,16.7,29.4,verified autonomous action
1272,16.7,29.4,verified autonomous action
1273,16.7,29.4,verified autonomous action
1274,16.7,29.4,verified autonomous action
1275,16.7,29.4,verified autonomous action
1276,16.7,29.4,verified autonomous action
1277,16.7,29.4,verified autonomous action
1278,16.7,29.4,verified autonomous action
1279,16.7,29.4,verified autonomous action
1280,16.7,29.4,verified autonomous action
1281,16.7,29.4,verified autonomous action
1282,22.0,24.0,verified autonomous action
1283,22.0,24.0,verified autonomous action
1284,22.0,24.0,verified autonomous action
1285,22.0,24.0,verified autonomous action
1286,22.0,24.0,verified autonomous action
1287,22.0,24.0,verified autonomous action
1288,22.0,24.0,verified autonomous action
1289,22.0,24.0,verified autonomous action
1290,22.0,24.0,verified autonomous action
1291,22.0,24.0,verified autonomous action
1292,22.0,24.0,verified autonomous action
1293,22.0,24.0,verified autonomous action
1294,22.0,24.0,verified autonomous action
1295,22.0,24.0,verified autonomous action
1296,16.7,29.4,verified autonomous action
1297,16.7,29.4,verified autonomous action
1298,16.7,29.4,verified autonomous action
1299,16.7,29.4,verified autonomous action
1300,16.7,29.4,verified autonomous action
1301,16.7,29.4,verified autonomous action
1302,16.7,29.4,verified autonomous action
1303,16.7,29.4,verified autonomous action
1304,16.7,29.4,verified autonomous action
1305,16.7,29.4,verified autonomous action
1306,16.7,29.4,verified autonomous action
1307,22.0,24.0,verified autonomous action
1308,22.0,24.0,verified autonomous action
1309,22.0,24.0,verified autonomous action
1310,22.0,24.0,verified autonomous action
1311,22.0,24.0,verified autonomous action
1312,22.0,24.0,verified autonomous action
1313,22.0,24.0,verified autonomous action
1314,22.0,24.0,verified autonomous action
1315,22.0,24.0,verified autonomous action
1316,22.0,24.0,verified autonomous action
1317,22.0,24.0,verified autonomous action
1318,22.0,24.0,verified autonomous action
1319,22.0,24.0,verified autonomous action
1320,22.0,24.0,verified autonomous action
1321,16.7,29.4,verified autonomous action
1322,16.7,29.4,verified autonomous action
1323,16.7,29.4,verified autonomous action
1324,16.7,29.4,verified autonomous action
1325,16.7,29.4,verified autonomous action
1326,16.7,29.4,verified autonomous action
1327,16.7,29.4,verified autonomous action
1328,16.7,29.4,verified autonomous action
1329,16.7,29.4,verified autonomous action
1330,16.7,29.4,verified autonomous action
1331,22.0,24.0,verified autonomous action
1332,22.0,24.0,verified autonomous action
1333,22.0,24.0,verified autonomous action
1334,22.0,24.0,verified autonomous action
1335,22.0,24.0,verified autonomous action
1336,22.0,24.0,verified autonomous action
1337,22.0,24.0,verified autonomous action
1338,22.0,24.0,verified autonomous action
1339,22.0,24.0,verified autonomous action
1340,22.0,24.0,verified autonomous action
1341,22.0,24.0,verified autonomous action
1342,22.0,24.0,verified autonomous action
1343,22.0,24.0,verified autonomous action
1344,22.0,24.0,verified autonomous action
1345,16.7,29.4,verified autonomous action
1346,16.7,29.4,verified autonomous action
1347,16.7,29.4,verified autonomous action
1348,16.7,29.4,verified autonomous action
1349,16.7,29.4,verified autonomous action
1350,16.7,29.4,verified autonomous action
1351,16.7,29.4,verified autonomous action
1352,16.7,29.4,verified autonomous action
1353,16.7,29.4,verified autonomous action
1354,16.7,29.4,verified autonomous action
1355,22.0,24.0,verified autonomous action
1356,22.0,24.0,verified autonomous action
1357,22.0,24.0,verified autonomous action
1358,22.0,24.0,verified autonomous action
1359,22.0,24.0,verified autonomous action
1360,22.0,24.0,verified autonomous action
1361,22.0,24.0,verified autonomous action
1362,22.0,24.0,verified autonomous action
1363,22.0,24.0,verified autonomous action
1364,22.0,24.0,verified autonomous action
1365,22.0,24.0,verified autonomous action
1366,22.0,24.0,verified autonomous action
1367,22.0,24.0,verified autonomous action
1368,22.0,24.0,verified autonomous action
1369,16.7,29.4,verified autonomous action
1370,16.7,29.4,verified autonomous action
1371,16.7,29.4,verified autonomous action
1372,16.7,29.4,verified autonomous action
1373,16.7,29.4,verified autonomous action
1374,16.7,29.4,verified autonomous action
1375,16.7,29.4,verified autonomous action
1376,16.7,29.4,verified autonomous action
1377,16.7,29.4,verified autonomous action
1378,16.7,29.4,verified autonomous action
1379,22.0,24.0,verified autonomous action
1380,22.0,24.0,verified autonomous action
1381,22.0,24.0,verified autonomous action
1382,22.0,24.0,verified autonomous action
1383,22.0,24.0,verified autonomous action
1384,22.0,24.0,verified autonomous action
1385,22.0,24.0,verified autonomous action
1386,22.0,24.0,verified autonomous action
1387,22.0,24.0,verified autonomous action
1388,22.0,24.0,verified autonomous action
1389,22.0,24.0,verified autonomous action
1390,22.0,24.0,verified autonomous action
1391,22.0,24.0,verified autonomous action
1392,22.0,24.0,verified autonomous action
1393,16.7,29.4,verified autonomous action
1394,16.7,29.4,verified autonomous action
1395,16.7,29.4,verified autonomous action
1396,16.7,29.4,verified autonomous action
1397,16.7,29.4,verified autonomous action
1398,16.7,29.4,verified autonomous action
1399,16.7,29.4,verified autonomous action
1400,16.7,29.4,verified autonomous action
1401,16.7,29.4,verified autonomous action
1402,16.7,29.4,verified autonomous action
1403,16.7,29.4,verified autonomous action
1404,16.7,29.4,verified autonomous action
1405,16.7,29.4,verified autonomous action
1406,16.7,29.4,verified autonomous action
1407,16.7,29.4,verified autonomous action
1408,16.7,29.4,verified autonomous action
1409,16.7,29.4,verified autonomous action
1410,16.7,29.4,verified autonomous action
1411,16.7,29.4,verified autonomous action
1412,16.7,29.4,verified autonomous action
1413,16.7,29.4,verified autonomous action
1414,16.7,29.4,verified autonomous action
1415,16.7,29.4,verified autonomous action
1416,16.7,29.4,verified autonomous action
1417,16.7,29.4,verified autonomous action
1418,16.7,29.4,verified autonomous action
1419,16.7,29.4,verified autonomous action
1420,16.7,29.4,verified autonomous action
1421,16.7,29.4,verified autonomous action
1422,16.7,29.4,verified autonomous action
1423,16.7,29.4,verified autonomous action
1424,16.7,29.4,verified autonomous action
1425,16.7,29.4,verified autonomous action
1426,16.7,29.4,verified autonomous action
1427,16.7,29.4,verified autonomous action
1428,16.7,29.4,verified autonomous action
1429,16.7,29.4,verified autonomous action
1430,16.7,29.4,verified autonomous action
1431,16.7,29.4,verified autonomous action
1432,16.7,29.4,verified autonomous action
1433,16.7,29.4,verified autonomous action
1434,16.7,29.4,verified autonomous action
1435,16.7,29.4,verified autonomous action
1436,16.7,29.4,verified autonomous action
1437,16.7,29.4,verified autonomous action
1438,16.7,29.4,verified autonomous action
1439,16.7,29.4,verified autonomous action
1440,16.7,29.4,verified autonomous action
1441,16.7,29.4,verified autonomous action
1442,16.7,29.4,verified autonomous action
1443,16.7,29.4,verified autonomous action
1444,16.7,29.4,verified autonomous action
1445,16.7,29.4,verified autonomous action
1446,16.7,29.4,verified autonomous action
1447,16.7,29.4,verified autonomous action
1448,16.7,29.4,verified autonomous action
1449,16.7,29.4,verified autonomous action
1450,16.7,29.4,verified autonomous action
1451,22.0,24.0,verified autonomous action
1452,22.0,24.0,verified autonomous action
1453,22.0,24.0,verified autonomous action
1454,22.0,24.0,verified autonomous action
1455,22.0,24.0,verified autonomous action
1456,22.0,24.0,verified autonomous action
1457,22.0,24.0,verified autonomous action
1458,22.0,24.0,verified autonomous action
1459,22.0,24.0,verified autonomous action
1460,22.0,24.0,verified autonomous action
1461,22.0,24.0,verified autonomous action
1462,22.0,24.0,verified autonomous action
1463,22.0,24.0,verified autonomous action
1464,22.0,24.0,verified autonomous action
1465,16.7,29.4,verified autonomous action
1466,16.7,29.4,verified autonomous action
1467,16.7,29.4,verified autonomous action
1468,16.7,29.4,verified autonomous action
1469,16.7,29.4,verified autonomous action
1470,16.7,29.4,verified autonomous action
1471,16.7,29.4,verified autonomous action
1472,16.7,29.4,verified autonomous action
1473,16.7,29.4,verified autonomous action
1474,16.7,29.4,verified autonomous action
1475,16.7,29.4,verified autonomous action
1476,22.0,24.0,verified autonomous action
1477,22.0,24.0,verified autonomous action
1478,22.0,24.0,verified autonomous action
1479,22.0,24.0,verified autonomous action
1480,22.0,24.0,verified autonomous action
1481,22.0,24.0,verified autonomous action
1482,22.0,24.0,verified autonomous action
1483,22.0,24.0,verified autonomous action
1484,22.0,24.0,verified autonomous action
1485,22.0,24.0,verified autonomous action
1486,22.0,24.0,verified autonomous action
1487,22.0,24.0,verified autonomous action
1488,22.0,24.0,verified autonomous action
1489,22.0,24.0,verified autonomous action
1490,16.7,29.4,verified autonomous action
1491,16.7,29.4,verified autonomous action
1492,16.7,29.4,verified autonomous action
1493,16.7,29.4,verified autonomous action
1494,16.7,29.4,verified autonomous action
1495,16.7,29.4,verified autonomous action
1496,16.7,29.4,verified autonomous action
1497,16.7,29.4,verified autonomous action
1498,16.7,29.4,verified autonomous action
1499,16.7,29.4,verified autonomous action
1500,22.0,24.0,verified autonomous action
1501,22.0,24.0,verified autonomous action
1502,22.0,24.0,verified autonomous action
1503,22.0,24.0,verified autonomous action
1504,22.0,24.0,verified autonomous action
1505,22.0,24.0,verified autonomous action
1506,22.0,24.0,verified autonomous action
1507,22.0,24.0,verified autonomous action
1508,22.0,24.0,verified autonomous action
1509,22.0,24.0,verified autonomous action
1510,22.0,24.0,verified autonomous action
1511,22.0,24.0,verified autonomous action
1512,22.0,24.0,verified autonomous action
1513,22.0,24.0,verified autonomous action
1514,16.7,29.4,verified autonomous action
1515,16.7,29.4,verified autonomous action
1516,16.7,29.4,verified autonomous action
1517,16.7,29.4,verified autonomous action
1518,16.7,29.4,verified autonomous action
1519,16.7,29.4,verified autonomous action
1520,16.7,29.4,verified autonomous action
1521,16.7,29.4,verified autonomous action
1522,16.7,29.4,verified autonomous action
1523,16.7,29.4,verified autonomous action
1524,22.0,24.0,verified autonomous action
1525,22.0,24.0,verified autonomous action
1526,22.0,24.0,verified autonomous action
1527,22.0,24.0,verified autonomous action
1528,22.0,24.0,verified autonomous action
1529,22.0,24.0,verified autonomous action
1530,22.0,24.0,verified autonomous action
1531,22.0,24.0,verified autonomous action
1532,22.0,24.0,verified autonomous action
1533,22.0,24.0,verified autonomous action
1534,22.0,24.0,verified autonomous action
1535,22.0,24.0,verified autonomous action
1536,22.0,24.0,verified autonomous action
1537,22.0,24.0,verified autonomous action
1538,16.7,29.4,verified autonomous action
1539,16.7,29.4,verified autonomous action
1540,16.7,29.4,verified autonomous action
1541,16.7,29.4,verified autonomous action
1542,16.7,29.4,verified autonomous action
1543,16.7,29.4,verified autonomous action
1544,16.7,29.4,verified autonomous action
1545,16.7,29.4,verified autonomous action
1546,16.7,29.4,verified autonomous action
1547,16.7,29.4,verified autonomous action
1548,22.0,24.0,verified autonomous action
1549,22.0,24.0,verified autonomous action
1550,22.0,24.0,verified autonomous action
1551,22.0,24.0,verified autonomous action
1552,22.0,24.0,verified autonomous action
1553,22.0,24.0,verified autonomous action
1554,22.0,24.0,verified autonomous action
1555,22.0,24.0,verified autonomous action
1556,22.0,24.0,verified autonomous action
1557,22.0,24.0,verified autonomous action
1558,22.0,24.0,verified autonomous action
1559,22.0,24.0,verified autonomous action
1560,22.0,24.0,verified autonomous action
1561,22.0,24.0,verified autonomous action
1562,16.7,29.4,verified autonomous action
1563,16.7,29.4,verified autonomous action
1564,16.7,29.4,verified autonomous action
1565,16.7,29.4,verified autonomous action
1566,16.7,29.4,verified autonomous action
1567,16.7,29.4,verified autonomous action
1568,16.7,29.4,verified autonomous action
1569,16.7,29.4,verified autonomous action
1570,16.7,29.4,verified autonomous action
1571,16.7,29.4,verified autonomous action
1572,16.7,29.4,verified autonomous action
1573,16.7,29.4,verified autonomous action
1574,16.7,29.4,verified autonomous action
1575,16.7,29.4,verified autonomous action
1576,16.7,29.4,verified autonomous action
1577,16.7,29.4,verified autonomous action
1578,16.7,29.4,verified autonomous action
1579,16.7,29.4,verified autonomous action
1580,16.7,29.4,verified autonomous action
1581,16.7,29.4,verified autonomous action
1582,16.7,29.4,verified autonomous action
1583,16.7,29.4,verified autonomous action
1584,16.7,29.4,verified autonomous action
1585,16.7,29.4,verified autonomous action
1586,16.7,29.4,verified autonomous action
1587,16.7,29.4,verified autonomous action
1588,16.7,29.4,verified autonomous action
1589,16.7,29.4,verified autonomous action
1590,16.7,29.4,verified autonomous action
1591,16.7,29.4,verified autonomous action
1592,16.7,29.4,verified autonomous action
1593,16.7,29.4,verified autonomous action
1594,16.7,29.4,verified autonomous action
1595,16.7,29.4,verified autonomous action
1596,16.7,29.4,verified autonomous action
1597,16.7,29.4,verified autonomous action
1598,16.7,29.4,verified autonomous action
1599,16.7,29.4,verified autonomous action
1600,16.7,29.4,verified autonomous action
1601,16.7,29.4,verified autonomous action
1602,16.7,29.4,verified autonomous action
1603,16.7,29.4,verified autonomous action
1604,16.7,29.4,verified autonomous action
1605,16.7,29.4,verified autonomous action
1606,16.7,29.4,verified autonomous action
1607,16.7,29.4,verified autonomous action
1608,16.7,29.4,verified autonomous action
1609,16.7,29.4,verified autonomous action
1610,16.7,29.4,verified autonomous action
1611,16.7,29.4,verified autonomous action
1612,16.7,29.4,verified autonomous action
1613,16.7,29.4,verified autonomous action
1614,16.7,29.4,verified autonomous action
1615,16.7,29.4,verified autonomous action
1616,16.7,29.4,verified autonomous action
1617,16.7,29.4,verified autonomous action
1618,16.7,29.4,verified autonomous action
1619,16.7,29.4,verified autonomous action
1620,22.0,24.0,verified autonomous action
1621,22.0,24.0,verified autonomous action
1622,22.0,24.0,verified autonomous action
1623,22.0,24.0,verified autonomous action
1624,22.0,24.0,verified autonomous action
1625,22.0,24.0,verified autonomous action
1626,22.0,24.0,verified autonomous action
1627,22.0,24.0,verified autonomous action
1628,22.0,24.0,verified autonomous action
1629,22.0,24.0,verified autonomous action
1630,22.0,24.0,verified autonomous action
1631,22.0,24.0,verified autonomous action
1632,22.0,24.0,verified autonomous action
1633,22.0,24.0,verified autonomous action
1634,16.7,29.4,verified autonomous action
1635,16.7,29.4,verified autonomous action
1636,16.7,29.4,verified autonomous action
1637,16.7,29.4,verified autonomous action
1638,16.7,29.4,verified autonomous action
1639,16.7,29.4,verified autonomous action
1640,16.7,29.4,verified autonomous action
1641,16.7,29.4,verified autonomous action
1642,16.7,29.4,verified autonomous action
1643,16.7,29.4,verified autonomous action
1644,16.7,29.4,verified autonomous action
1645,22.0,24.0,verified autonomous action
1646,22.0,24.0,verified autonomous action
1647,22.0,24.0,verified autonomous action
1648,22.0,24.0,verified autonomous action
1649,22.0,24.0,verified autonomous action
1650,22.0,24.0,verified autonomous action
1651,22.0,24.0,verified autonomous action
1652,22.0,24.0,verified autonomous action
1653,22.0,24.0,verified autonomous action
1654,22.0,24.0,verified autonomous action
1655,22.0,24.0,verified autonomous action
1656,22.0,24.0,verified autonomous action
1657,22.0,24.0,verified autonomous action
1658,22.0,24.0,verified autonomous action
1659,16.7,29.4,verified autonomous action
1660,16.7,29.4,verified autonomous action
1661,16.7,29.4,verified autonomous action
1662,16.7,29.4,verified autonomous action
1663,16.7,29.4,verified autonomous action
1664,16.7,29.4,verified autonomous action
1665,16.7,29.4,verified autonomous action
1666,16.7,29.4,verified autonomous action
1667,16.7,29.4,verified autonomous action
1668,16.7,29.4,verified autonomous action
1669,22.0,24.0,verified autonomous action
1670,22.0,24.0,verified autonomous action
1671,22.0,24.0,verified autonomous action
1672,22.0,24.0,verified autonomous action
1673,22.0,24.0,verified autonomous action
1674,22.0,24.0,verified autonomous action
1675,22.0,24.0,verified autonomous action
1676,22.0,24.0,verified autonomous action
1677,22.0,24.0,verified autonomous action
1678,22.0,24.0,verified autonomous action
1679,22.0,24.0,verified autonomous action
1680,22.0,24.0,verified autonomous action
1681,22.0,24.0,verified autonomous action
1682,22.0,24.0,verified autonomous action
1683,16.7,29.4,verified autonomous action
1684,16.7,29.4,verified autonomous action
1685,16.7,29.4,verified autonomous action
1686,16.7,29.4,verified autonomous action
1687,16.7,29.4,verified autonomous action
1688,16.7,29.4,verified autonomous action
1689,16.7,29.4,verified autonomous action
1690,16.7,29.4,verified autonomous action
1691,16.7,29.4,verified autonomous action
1692,16.7,29.4,verified autonomous action
1693,22.0,24.0,verified autonomous action
1694,22.0,24.0,verified autonomous action
1695,22.0,24.0,verified autonomous action
1696,22.0,24.0,verified autonomous action
1697,22.0,24.0,verified autonomous action
1698,22.0,24.0,verified autonomous action
1699,22.0,24.0,verified autonomous action
1700,22.0,24.0,verified autonomous action
1701,22.0,24.0,verified autonomous action
1702,22.0,24.0,verified autonomous action
1703,22.0,24.0,verified autonomous action
1704,22.0,24.0,verified autonomous action
1705,22.0,24.0,verified autonomous action
1706,22.0,24.0,verified autonomous action
1707,16.7,29.4,verified autonomous action
1708,16.7,29.4,verified autonomous action
1709,16.7,29.4,verified autonomous action
1710,16.7,29.4,verified autonomous action
1711,16.7,29.4,verified autonomous action
1712,16.7,29.4,verified autonomous action
1713,16.7,29.4,verified autonomous action
1714,16.7,29.4,verified autonomous action
1715,16.7,29.4,verified autonomous action
1716,16.7,29.4,verified autonomous action
1717,22.0,24.0,verified autonomous action
1718,22.0,24.0,verified autonomous action
1719,22.0,24.0,verified autonomous action
1720,22.0,24.0,verified autonomous action
1721,22.0,24.0,verified autonomous action
1722,22.0,24.0,verified autonomous action
1723,22.0,24.0,verified autonomous action
1724,22.0,24.0,verified autonomous action
1725,22.0,24.0,verified autonomous action
1726,22.0,24.0,verified autonomous action
1727,22.0,24.0,verified autonomous action
1728,22.0,24.0,verified autonomous action
1729,22.0,24.0,verified autonomous action
1730,22.0,24.0,verified autonomous action
1731,16.7,29.4,verified autonomous action
1732,16.7,29.4,verified autonomous action
1733,16.7,29.4,verified autonomous action
1734,16.7,29.4,verified autonomous action
1735,16.7,29.4,verified autonomous action
1736,16.7,29.4,verified autonomous action
1737,16.7,29.4,verified autonomous action
1738,16.7,29.4,verified autonomous action
1739,16.7,29.4,verified autonomous action
1740,16.7,29.4,verified autonomous action
1741,16.7,29.4,verified autonomous action
1742,16.7,29.4,verified autonomous action
1743,16.7,29.4,verified autonomous action
1744,16.7,29.4,verified autonomous action
1745,16.7,29.4,verified autonomous action
1746,16.7,29.4,verified autonomous action
1747,16.7,29.4,verified autonomous action
1748,16.7,29.4,verified autonomous action
1749,16.7,29.4,verified autonomous action
1750,16.7,29.4,verified autonomous action
1751,16.7,29.4,verified autonomous action
1752,16.7,29.4,verified autonomous action
1753,16.7,29.4,verified autonomous action
1754,16.7,29.4,verified autonomous action
1755,16.7,29.4,verified autonomous action
1756,16.7,29.4,verified autonomous action
1757,16.7,29.4,verified autonomous action
1758,16.7,29.4,verified autonomous action
1759,16.7,29.4,verified autonomous action
1760,16.7,29.4,verified autonomous action
1761,16.7,29.4,verified autonomous action
1762,16.7,29.4,verified autonomous action
1763,16.7,29.4,verified autonomous action
1764,16.7,29.4,verified autonomous action
1765,16.7,29.4,verified autonomous action
1766,16.7,29.4,verified autonomous action
1767,16.7,29.4,verified autonomous action
1768,16.7,29.4,verified autonomous action
1769,16.7,29.4,verified autonomous action
1770,16.7,29.4,verified autonomous action
1771,16.7,29.4,verified autonomous action
1772,16.7,29.4,verified autonomous action
1773,16.7,29.4,verified autonomous action
1774,16.7,29.4,verified autonomous action
1775,16.7,29.4,verified autonomous action
1776,16.7,29.4,verified autonomous action
1777,16.7,29.4,verified autonomous action
1778,16.7,29.4,verified autonomous action
1779,16.7,29.4,verified autonomous action
1780,16.7,29.4,verified autonomous action
1781,16.7,29.4,verified autonomous action
1782,16.7,29.4,verified autonomous action
1783,16.7,29.4,verified autonomous action
1784,16.7,29.4,verified autonomous action
1785,16.7,29.4,verified autonomous action
1786,16.7,29.4,verified autonomous action
1787,16.7,29.4,verified autonomous action
1788,16.7,29.4,verified autonomous action
1789,22.0,24.0,verified autonomous action
1790,22.0,24.0,verified autonomous action
1791,22.0,24.0,verified autonomous action
1792,22.0,24.0,verified autonomous action
1793,22.0,24.0,verified autonomous action
1794,22.0,24.0,verified autonomous action
1795,22.0,24.0,verified autonomous action
1796,22.0,24.0,verified autonomous action
1797,22.0,24.0,verified autonomous action
1798,22.0,24.0,verified autonomous action
1799,22.0,24.0,verified autonomous action
1800,22.0,24.0,verified autonomous action
1801,22.0,24.0,verified autonomous action
1802,22.0,24.0,verified autonomous action
1803,16.7,29.4,verified autonomous action
1804,16.7,29.4,verified autonomous action
1805,16.7,29.4,verified autonomous action
1806,16.7,29.4,verified autonomous action
1807,16.7,29.4,verified autonomous action
1808,16.7,29.4,verified autonomous action
1809,16.7,29.4,verified autonomous action
1810,16.7,29.4,verified autonomous action
1811,16.7,29.4,verified autonomous action
1812,16.7,29.4,verified autonomous action
1813,16.7,29.4,verified autonomous action
1814,22.0,24.0,verified autonomous action
1815,22.0,24.0,verified autonomous action
1816,22.0,24.0,verified autonomous action
1817,22.0,24.0,verified autonomous action
1818,22.0,24.0,verified autonomous action
1819,22.0,24.0,verified autonomous action
1820,22.0,24.0,verified autonomous action
1821,22.0,24.0,verified autonomous action
1822,22.0,24.0,verified autonomous action
1823,22.0,24.0,verified autonomous action
1824,22.0,24.0,verified autonomous action
1825,22.0,24.0,verified autonomous action
1826,22.0,24.0,verified autonomous action
1827,22.0,24.0,verified autonomous action
1828,16.7,29.4,verified autonomous action
1829,16.7,29.4,verified autonomous action
1830,16.7,29.4,verified autonomous action
1831,16.7,29.4,verified autonomous action
1832,16.7,29.4,verified autonomous action
1833,16.7,29.4,verified autonomous action
1834,16.7,29.4,verified autonomous action
1835,16.7,29.4,verified autonomous action
1836,16.7,29.4,verified autonomous action
1837,16.7,29.4,verified autonomous action
1838,22.0,24.0,verified autonomous action
1839,22.0,24.0,verified autonomous action
1840,22.0,24.0,verified autonomous action
1841,22.0,24.0,verified autonomous action
1842,22.0,24.0,verified autonomous action
1843,22.0,24.0,verified autonomous action
1844,22.0,24.0,verified autonomous action
1845,22.0,24.0,verified autonomous action
1846,22.0,24.0,verified autonomous action
1847,22.0,24.0,verified autonomous action
1848,22.0,24.0,verified autonomous action
1849,22.0,24.0,verified autonomous action
1850,22.0,24.0,verified autonomous action
1851,22.0,24.0,verified autonomous action
1852,16.7,29.4,verified autonomous action
1853,16.7,29.4,verified autonomous action
1854,16.7,29.4,verified autonomous action
1855,16.7,29.4,verified autonomous action
1856,16.7,29.4,verified autonomous action
1857,16.7,29.4,verified autonomous action
1858,16.7,29.4,verified autonomous action
1859,16.7,29.4,verified autonomous action
1860,16.7,29.4,verified autonomous action
1861,16.7,29.4,verified autonomous action
1862,22.0,24.0,verified autonomous action
1863,22.0,24.0,verified autonomous action
1864,22.0,24.0,verified autonomous action
1865,22.0,24.0,verified autonomous action
1866,22.0,24.0,verified autonomous action
1867,22.0,24.0,verified autonomous action
1868,22.0,24.0,verified autonomous action
1869,22.0,24.0,verified autonomous action
1870,22.0,24.0,verified autonomous action
1871,22.0,24.0,verified autonomous action
1872,22.0,24.0,verified autonomous action
1873,22.0,24.0,verified autonomous action
1874,22.0,24.0,verified autonomous action
1875,22.0,24.0,verified autonomous action
1876,16.7,29.4,verified autonomous action
1877,16.7,29.4,verified autonomous action
1878,16.7,29.4,verified autonomous action
1879,16.7,29.4,verified autonomous action
1880,16.7,29.4,verified autonomous action
1881,16.7,29.4,verified autonomous action
1882,16.7,29.4,verified autonomous action
1883,16.7,29.4,verified autonomous action
1884,16.7,29.4,verified autonomous action
1885,16.7,29.4,verified autonomous action
1886,22.0,24.0,verified autonomous action
1887,22.0,24.0,verified autonomous action
1888,22.0,24.0,verified autonomous action
1889,22.0,24.0,verified autonomous action
1890,22.0,24.0,verified autonomous action
1891,22.0,24.0,verified autonomous action
1892,22.0,24.0,verified autonomous action
1893,22.0,24.0,verified autonomous action
1894,22.0,24.0,verified autonomous action
1895,22.0,24.0,verified autonomous action
1896,22.0,24.0,verified autonomous action
1897,22.0,24.0,verified autonomous action
1898,22.0,24.0,verified autonomous action
1899,22.0,24.0,verified autonomous action
1900,16.7,29.4,verified autonomous action
1901,16.7,29.4,verified autonomous action
1902,16.7,29.4,verified autonomous action
1903,16.7,29.4,verified autonomous action
1904,16.7,29.4,verified autonomous action
1905,16.7,29.4,verified autonomous action
1906,16.7,29.4,verified autonomous action
1907,16.7,29.4,verified autonomous action
1908,16.7,29.4,verified autonomous action
1909,16.7,29.4,verified autonomous action
1910,16.7,29.4,verified autonomous action
1911,16.7,29.4,verified autonomous action
1912,16.7,29.4,verified autonomous action
1913,16.7,29.4,verified autonomous action
1914,16.7,29.4,verified autonomous action
1915,16.7,29.4,verified autonomous action
1916,16.7,29.4,verified autonomous action
1917,16.7,29.4,verified autonomous action
1918,16.7,29.4,verified autonomous action
1919,16.7,29.4,verified autonomous action
1920,16.7,29.4,verified autonomous action
1921,16.7,29.4,verified autonomous action
1922,16.7,29.4,verified autonomous action
1923,16.7,29.4,verified autonomous action
1924,16.7,29.4,verified autonomous action
1925,16.7,29.4,verified autonomous action
1926,16.7,29.4,verified autonomous action
1927,16.7,29.4,verified autonomous action
1928,16.7,29.4,verified autonomous action
1929,16.7,29.4,verified autonomous action
1930,16.7,29.4,verified autonomous action
1931,16.7,29.4,verified autonomous action
1932,16.7,29.4,verified autonomous action
1933,16.7,29.4,verified autonomous action
1934,16.7,29.4,verified autonomous action
1935,16.7,29.4,verified autonomous action
1936,16.7,29.4,verified autonomous action
1937,16.7,29.4,verified autonomous action
1938,16.7,29.4,verified autonomous action
1939,16.7,29.4,verified autonomous action
1940,16.7,29.4,verified autonomous action
1941,16.7,29.4,verified autonomous action
1942,16.7,29.4,verified autonomous action
1943,16.7,29.4,verified autonomous action
1944,16.7,29.4,verified autonomous action
1945,16.7,29.4,verified autonomous action
1946,16.7,29.4,verified autonomous action
1947,16.7,29.4,verified autonomous action
1948,16.7,29.4,verified autonomous action
1949,16.7,29.4,verified autonomous action
1950,16.7,29.4,verified autonomous action
1951,16.7,29.4,verified autonomous action
1952,16.7,29.4,verified autonomous action
1953,16.7,29.4,verified autonomous action
1954,16.7,29.4,verified autonomous action
1955,16.7,29.4,verified autonomous action
1956,16.7,29.4,verified autonomous action
1957,16.7,29.4,verified autonomous action
1958,22.0,24.0,verified autonomous action
1959,22.0,24.0,verified autonomous action
1960,22.0,24.0,verified autonomous action
1961,22.0,24.0,verified autonomous action
1962,22.0,24.0,verified autonomous action
1963,22.0,24.0,verified autonomous action
1964,22.0,24.0,verified autonomous action
1965,22.0,24.0,verified autonomous action
1966,22.0,24.0,verified autonomous action
1967,22.0,24.0,verified autonomous action
1968,22.0,24.0,verified autonomous action
1969,22.0,24.0,verified autonomous action
1970,22.0,24.0,verified autonomous action
1971,22.0,24.0,verified autonomous action
1972,16.7,29.4,verified autonomous action
1973,16.7,29.4,verified autonomous action
1974,16.7,29.4,verified autonomous action
1975,16.7,29.4,verified autonomous action
1976,16.7,29.4,verified autonomous action
1977,16.7,29.4,verified autonomous action
1978,16.7,29.4,verified autonomous action
1979,16.7,29.4,verified autonomous action
1980,16.7,29.4,verified autonomous action
1981,16.7,29.4,verified autonomous action
1982,16.7,29.4,verified autonomous action
1983,22.0,24.0,verified autonomous action
1984,22.0,24.0,verified autonomous action
1985,22.0,24.0,verified autonomous action
1986,22.0,24.0,verified autonomous action
1987,22.0,24.0,verified autonomous action
1988,22.0,24.0,verified autonomous action
1989,22.0,24.0,verified autonomous action
1990,22.0,24.0,verified autonomous action
1991,22.0,24.0,verified autonomous action
1992,22.0,24.0,verified autonomous action
1993,22.0,24.0,verified autonomous action
1994,22.0,24.0,verified autonomous action
1995,22.0,24.0,verified autonomous action
1996,22.0,24.0,verified autonomous action
1997,16.7,29.4,verified autonomous action
1998,16.7,29.4,verified autonomous action
1999,16.7,29.4,verified autonomous action
2000,16.7,29.4,verified autonomous action
2001,16.7,29.4,verified autonomous action
2002,16.7,29.4,verified autonomous action
2003,16.7,29.4,verified autonomous action
2004,16.7,29.4,verified autonomous action
2005,16.7,29.4,verified autonomous action
2006,16.7,29.4,verified autonomous action
2007,22.0,24.0,verified autonomous action
2008,22.0,24.0,verified autonomous action
2009,22.0,24.0,verified autonomous action
2010,22.0,24.0,verified autonomous action
2011,22.0,24.0,verified autonomous action
2012,22.0,24.0,verified autonomous action
2013,22.0,24.0,verified autonomous action
2014,22.0,24.0,verified autonomous action
2015,22.0,24.0,verified autonomous action
2016,22.0,24.0,verified autonomous action
2017,22.0,24.0,verified autonomous action
2018,22.0,24.0,verified autonomous action
2019,22.0,24.0,verified autonomous action
2020,22.0,24.0,verified autonomous action
2021,16.7,29.4,verified autonomous action
2022,16.7,29.4,verified autonomous action
2023,16.7,29.4,verified autonomous action
2024,16.7,29.4,verified autonomous action
2025,16.7,29.4,verified autonomous action
2026,16.7,29.4,verified autonomous action
2027,16.7,29.4,verified autonomous action
2028,16.7,29.4,verified autonomous action
2029,16.7,29.4,verified autonomous action
2030,16.7,29.4,verified autonomous action
2031,22.0,24.0,verified autonomous action
2032,22.0,24.0,verified autonomous action
2033,22.0,24.0,verified autonomous action
2034,22.0,24.0,verified autonomous action
2035,22.0,24.0,verified autonomous action
2036,22.0,24.0,verified autonomous action
2037,22.0,24.0,verified autonomous action
2038,22.0,24.0,verified autonomous action
2039,22.0,24.0,verified autonomous action
2040,22.0,24.0,verified autonomous action
2041,22.0,24.0,verified autonomous action
2042,22.0,24.0,verified autonomous action
2043,22.0,24.0,verified autonomous action
2044,22.0,24.0,verified autonomous action
2045,16.7,29.4,verified autonomous action
2046,16.7,29.4,verified autonomous action
2047,16.7,29.4,verified autonomous action
2048,16.7,29.4,verified autonomous action
2049,16.7,29.4,verified autonomous action
2050,16.7,29.4,verified autonomous action
2051,16.7,29.4,verified autonomous action
2052,16.7,29.4,verified autonomous action
2053,16.7,29.4,verified autonomous action
2054,16.7,29.4,verified autonomous action
2055,22.0,24.0,verified autonomous action
2056,22.0,24.0,verified autonomous action
2057,22.0,24.0,verified autonomous action
2058,22.0,24.0,verified autonomous action
2059,22.0,24.0,verified autonomous action
2060,22.0,24.0,verified autonomous action
2061,22.0,24.0,verified autonomous action
2062,22.0,24.0,verified autonomous action
2063,22.0,24.0,verified autonomous action
2064,22.0,24.0,verified autonomous action
2065,22.0,24.0,verified autonomous action
2066,22.0,24.0,verified autonomous action
2067,22.0,24.0,verified autonomous action
2068,22.0,24.0,verified autonomous action
2069,16.7,29.4,verified autonomous action
2070,16.7,29.4,verified autonomous action
2071,16.7,29.4,verified autonomous action
2072,16.7,29.4,verified autonomous action
2073,16.7,29.4,verified autonomous action
2074,16.7,29.4,verified autonomous action
2075,16.7,29.4,verified autonomous action
2076,16.7,29.4,verified autonomous action
2077,16.7,29.4,verified autonomous action
2078,16.7,29.4,verified autonomous action
2079,16.7,29.4,verified autonomous action
2080,16.7,29.4,verified autonomous action
2081,16.7,29.4,verified autonomous action
2082,16.7,29.4,verified autonomous action
2083,16.7,29.4,verified autonomous action
2084,16.7,29.4,verified autonomous action
2085,16.7,29.4,verified autonomous action
2086,16.7,29.4,verified autonomous action
2087,16.7,29.4,verified autonomous action
2088,16.7,29.4,verified autonomous action
2089,16.7,29.4,verified autonomous action
2090,16.7,29.4,verified autonomous action
2091,16.7,29.4,verified autonomous action
2092,16.7,29.4,verified autonomous action
2093,16.7,29.4,verified autonomous action
2094,16.7,29.4,verified autonomous action
2095,16.7,29.4,verified autonomous action
2096,16.7,29.4,verified autonomous action
2097,16.7,29.4,verified autonomous action
2098,16.7,29.4,verified autonomous action
2099,16.7,29.4,verified autonomous action
2100,16.7,29.4,verified autonomous action
2101,16.7,29.4,verified autonomous action
2102,16.7,29.4,verified autonomous action
2103,16.7,29.4,verified autonomous action
2104,16.7,29.4,verified autonomous action
2105,16.7,29.4,verified autonomous action
2106,16.7,29.4,verified autonomous action
2107,16.7,29.4,verified autonomous action
2108,16.7,29.4,verified autonomous action
2109,16.7,29.4,verified autonomous action
2110,16.7,29.4,verified autonomous action
2111,16.7,29.4,verified autonomous action
2112,16.7,29.4,verified autonomous action
2113,16.7,29.4,verified autonomous action
2114,16.7,29.4,verified autonomous action
2115,16.7,29.4,verified autonomous action
2116,16.7,29.4,verified autonomous action
2117,16.7,29.4,verified autonomous action
2118,16.7,29.4,verified autonomous action
2119,16.7,29.4,verified autonomous action
2120,16.7,29.4,verified autonomous action
2121,16.7,29.4,verified autonomous action
2122,16.7,29.4,verified autonomous action
2123,16.7,29.4,verified autonomous action
2124,16.7,29.4,verified autonomous action
2125,16.7,29.4,verified autonomous action
2126,16.7,29.4,verified autonomous action
2127,22.0,24.0,verified autonomous action
2128,22.0,24.0,verified autonomous action
2129,22.0,24.0,verified autonomous action
2130,22.0,24.0,verified autonomous action
2131,22.0,24.0,verified autonomous action
2132,22.0,24.0,verified autonomous action
2133,22.0,24.0,verified autonomous action
2134,22.0,24.0,verified autonomous action
2135,22.0,24.0,verified autonomous action
2136,22.0,24.0,verified autonomous action
2137,22.0,24.0,verified autonomous action
2138,22.0,24.0,verified autonomous action
2139,22.0,24.0,verified autonomous action
2140,22.0,24.0,verified autonomous action
2141,16.7,29.4,verified autonomous action
2142,16.7,29.4,verified autonomous action
2143,16.7,29.4,verified autonomous action
2144,16.7,29.4,verified autonomous action
2145,16.7,29.4,verified autonomous action
2146,16.7,29.4,verified autonomous action
2147,16.7,29.4,verified autonomous action
2148,16.7,29.4,verified autonomous action
2149,16.7,29.4,verified autonomous action
2150,16.7,29.4,verified autonomous action
2151,16.7,29.4,verified autonomous action
2152,22.0,24.0,verified autonomous action
2153,22.0,24.0,verified autonomous action
2154,22.0,24.0,verified autonomous action
2155,22.0,24.0,verified autonomous action
2156,22.0,24.0,verified autonomous action
2157,22.0,24.0,verified autonomous action
2158,22.0,24.0,verified autonomous action
2159,22.0,24.0,verified autonomous action
2160,22.0,24.0,verified autonomous action
2161,22.0,24.0,verified autonomous action
2162,22.0,24.0,verified autonomous action
2163,22.0,24.0,verified autonomous action
2164,22.0,24.0,verified autonomous action
2165,22.0,24.0,verified autonomous action
2166,16.7,29.4,verified autonomous action
2167,16.7,29.4,verified autonomous action
2168,16.7,29.4,verified autonomous action
2169,16.7,29.4,verified autonomous action
2170,16.7,29.4,verified autonomous action
2171,16.7,29.4,verified autonomous action
2172,16.7,29.4,verified autonomous action
2173,16.7,29.4,verified autonomous action
2174,16.7,29.4,verified autonomous action
2175,16.7,29.4,verified autonomous action
2176,22.0,24.0,verified autonomous action
2177,22.0,24.0,verified autonomous action
2178,22.0,24.0,verified autonomous action
2179,22.0,24.0,verified autonomous action
2180,22.0,24.0,verified autonomous action
2181,22.0,24.0,verified autonomous action
2182,22.0,24.0,verified autonomous action
2183,22.0,24.0,verified autonomous action
2184,22.0,24.0,verified autonomous action
2185,22.0,24.0,verified autonomous action
2186,22.0,24.0,verified autonomous action
2187,22.0,24.0,verified autonomous action
2188,22.0,24.0,verified autonomous action
2189,22.0,24.0,verified autonomous action
2190,16.7,29.4,verified autonomous action
2191,16.7,29.4,verified autonomous action
2192,16.7,29.4,verified autonomous action
2193,16.7,29.4,verified autonomous action
2194,16.7,29.4,verified autonomous action
2195,16.7,29.4,verified autonomous action
2196,16.7,29.4,verified autonomous action
2197,16.7,29.4,verified autonomous action
2198,16.7,29.4,verified autonomous action
2199,16.7,29.4,verified autonomous action
2200,22.0,24.0,verified autonomous action
2201,22.0,24.0,verified autonomous action
2202,22.0,24.0,verified autonomous action
2203,22.0,24.0,verified autonomous action
2204,22.0,24.0,verified autonomous action
2205,22.0,24.0,verified autonomous action
2206,22.0,24.0,verified autonomous action
2207,22.0,24.0,verified autonomous action
2208,22.0,24.0,verified autonomous action
2209,22.0,24.0,verified autonomous action
2210,22.0,24.0,verified autonomous action
2211,22.0,24.0,verified autonomous action
2212,22.0,24.0,verified autonomous action
2213,22.0,24.0,verified autonomous action
2214,16.7,29.4,verified autonomous action
2215,16.7,29.4,verified autonomous action
2216,16.7,29.4,verified autonomous action
2217,16.7,29.4,verified autonomous action
2218,16.7,29.4,verified autonomous action
2219,16.7,29.4,verified autonomous action
2220,16.7,29.4,verified autonomous action
2221,16.7,29.4,verified autonomous action
2222,16.7,29.4,verified autonomous action
2223,16.7,29.4,verified autonomous action
2224,22.0,24.0,verified autonomous action
2225,22.0,24.0,verified autonomous action
2226,22.0,24.0,verified autonomous action
2227,22.0,24.0,verified autonomous action
2228,22.0,24.0,verified autonomous action
2229,22.0,24.0,verified autonomous action
2230,22.0,24.0,verified autonomous action
2231,22.0,24.0,verified autonomous action
2232,22.0,24.0,verified autonomous action
2233,22.0,24.0,verified autonomous action
2234,22.0,24.0,verified autonomous action
2235,22.0,24.0,verified autonomous action
2236,22.0,24.0,verified autonomous action
2237,22.0,24.0,verified autonomous action
2238,16.7,29.4,verified autonomous action
2239,16.7,29.4,verified autonomous action
2240,16.7,29.4,verified autonomous action
2241,16.7,29.4,verified autonomous action
2242,16.7,29.4,verified autonomous action
2243,16.7,29.4,verified autonomous action
2244,16.7,29.4,verified autonomous action
2245,16.7,29.4,verified autonomous action
2246,16.7,29.4,verified autonomous action
2247,16.7,29.4,verified autonomous action
2248,16.7,29.4,verified autonomous action
2249,16.7,29.4,verified autonomous action
2250,16.7,29.4,verified autonomous action
2251,16.7,29.4,verified autonomous action
2252,16.7,29.4,verified autonomous action
2253,16.7,29.4,verified autonomous action
2254,16.7,29.4,verified autonomous action
2255,16.7,29.4,verified autonomous action
2256,16.7,29.4,verified autonomous action
2257,16.7,29.4,verified autonomous action
2258,16.7,29.4,verified autonomous action
2259,16.7,29.4,verified autonomous action
2260,16.7,29.4,verified autonomous action
2261,16.7,29.4,verified autonomous action
2262,16.7,29.4,verified autonomous action
2263,16.7,29.4,verified autonomous action
2264,16.7,29.4,verified autonomous action
2265,16.7,29.4,verified autonomous action
2266,16.7,29.4,verified autonomous action
2267,16.7,29.4,verified autonomous action
2268,16.7,29.4,verified autonomous action
2269,16.7,29.4,verified autonomous action
2270,16.7,29.4,verified autonomous action
2271,16.7,29.4,verified autonomous action
2272,16.7,29.4,verified autonomous action
2273,16.7,29.4,verified autonomous action
2274,16.7,29.4,verified autonomous action
2275,16.7,29.4,verified autonomous action
2276,16.7,29.4,verified autonomous action
2277,16.7,29.4,verified autonomous action
2278,16.7,29.4,verified autonomous action
2279,16.7,29.4,verified autonomous action
2280,16.7,29.4,verified autonomous action
2281,16.7,29.4,verified autonomous action
2282,16.7,29.4,verified autonomous action
2283,16.7,29.4,verified autonomous action
2284,16.7,29.4,verified autonomous action
2285,16.7,29.4,verified autonomous action
2286,16.7,29.4,verified autonomous action
2287,16.7,29.4,verified autonomous action
2288,16.7,29.4,verified autonomous action
2289,16.7,29.4,verified autonomous action
2290,16.7,29.4,verified autonomous action
2291,16.7,29.4,verified autonomous action
2292,16.7,29.4,verified autonomous action
2293,16.7,29.4,verified autonomous action
2294,16.7,29.4,verified autonomous action
2295,16.7,29.4,verified autonomous action
2296,22.0,24.0,verified autonomous action
2297,22.0,24.0,verified autonomous action
2298,22.0,24.0,verified autonomous action
2299,22.0,24.0,verified autonomous action
2300,22.0,24.0,verified autonomous action
2301,22.0,24.0,verified autonomous action
2302,22.0,24.0,verified autonomous action
2303,22.0,24.0,verified autonomous action
2304,22.0,24.0,verified autonomous action
2305,22.0,24.0,verified autonomous action
2306,22.0,24.0,verified autonomous action
2307,22.0,24.0,verified autonomous action
2308,22.0,24.0,verified autonomous action
2309,22.0,24.0,verified autonomous action
2310,16.7,29.4,verified autonomous action
2311,16.7,29.4,verified autonomous action
2312,16.7,29.4,verified autonomous action
2313,16.7,29.4,verified autonomous action
2314,16.7,29.4,verified autonomous action
2315,16.7,29.4,verified autonomous action
2316,16.7,29.4,verified autonomous action
2317,16.7,29.4,verified autonomous action
2318,16.7,29.4,verified autonomous action
2319,16.7,29.4,verified autonomous action
2320,16.7,29.4,verified autonomous action
2321,22.0,24.0,verified autonomous action
2322,22.0,24.0,verified autonomous action
2323,22.0,24.0,verified autonomous action
2324,22.0,24.0,verified autonomous action
2325,22.0,24.0,verified autonomous action
2326,22.0,24.0,verified autonomous action
2327,22.0,24.0,verified autonomous action
2328,22.0,24.0,verified autonomous action
2329,22.0,24.0,verified autonomous action
2330,22.0,24.0,verified autonomous action
2331,22.0,24.0,verified autonomous action
2332,22.0,24.0,verified autonomous action
2333,22.0,24.0,verified autonomous action
2334,22.0,24.0,verified autonomous action
2335,16.7,29.4,verified autonomous action
2336,16.7,29.4,verified autonomous action
2337,16.7,29.4,verified autonomous action
2338,16.7,29.4,verified autonomous action
2339,16.7,29.4,verified autonomous action
2340,16.7,29.4,verified autonomous action
2341,16.7,29.4,verified autonomous action
2342,16.7,29.4,verified autonomous action
2343,16.7,29.4,verified autonomous action
2344,16.7,29.4,verified autonomous action
2345,22.0,24.0,verified autonomous action
2346,22.0,24.0,verified autonomous action
2347,22.0,24.0,verified autonomous action
2348,22.0,24.0,verified autonomous action
2349,22.0,24.0,verified autonomous action
2350,22.0,24.0,verified autonomous action
2351,22.0,24.0,verified autonomous action
2352,22.0,24.0,verified autonomous action
2353,22.0,24.0,verified autonomous action
2354,22.0,24.0,verified autonomous action
2355,22.0,24.0,verified autonomous action
2356,22.0,24.0,verified autonomous action
2357,22.0,24.0,verified autonomous action
2358,22.0,24.0,verified autonomous action
2359,16.7,29.4,verified autonomous action
2360,16.7,29.4,verified autonomous action
2361,16.7,29.4,verified autonomous action
2362,16.7,29.4,verified autonomous action
2363,16.7,29.4,verified autonomous action
2364,16.7,29.4,verified autonomous action
2365,16.7,29.4,verified autonomous action
2366,16.7,29.4,verified autonomous action
2367,16.7,29.4,verified autonomous action
2368,16.7,29.4,verified autonomous action
2369,22.0,24.0,verified autonomous action
2370,22.0,24.0,verified autonomous action
2371,22.0,24.0,verified autonomous action
2372,22.0,24.0,verified autonomous action
2373,22.0,24.0,verified autonomous action
2374,22.0,24.0,verified autonomous action
2375,22.0,24.0,verified autonomous action
2376,22.0,24.0,verified autonomous action
2377,22.0,24.0,verified autonomous action
2378,22.0,24.0,verified autonomous action
2379,22.0,24.0,verified autonomous action
2380,22.0,24.0,verified autonomous action
2381,22.0,24.0,verified autonomous action
2382,22.0,24.0,verified autonomous action
2383,16.7,29.4,verified autonomous action
2384,16.7,29.4,verified autonomous action
2385,16.7,29.4,verified autonomous action
2386,16.7,29.4,verified autonomous action
2387,16.7,29.4,verified autonomous action
2388,16.7,29.4,verified autonomous action
2389,16.7,29.4,verified autonomous action
2390,16.7,29.4,verified autonomous action
2391,16.7,29.4,verified autonomous action
2392,16.7,29.4,verified autonomous action
2393,22.0,24.0,verified autonomous action
2394,22.0,24.0,verified autonomous action
2395,22.0,24.0,verified autonomous action
2396,22.0,24.0,verified autonomous action
2397,22.0,24.0,verified autonomous action
2398,22.0,24.0,verified autonomous action
2399,22.0,24.0,verified autonomous action
2400,22.0,24.0,verified autonomous action
2401,22.0,24.0,verified autonomous action
2402,22.0,24.0,verified autonomous action
2403,22.0,24.0,verified autonomous action
2404,22.0,24.0,verified autonomous action
2405,22.0,24.0,verified autonomous action
2406,22.0,24.0,verified autonomous action
2407,16.7,29.4,verified autonomous action
2408,16.7,29.4,verified autonomous action
2409,16.7,29.4,verified autonomous action
2410,16.7,29.4,verified autonomous action
2411,16.7,29.4,verified autonomous action
2412,16.7,29.4,verified autonomous action
2413,16.7,29.4,verified autonomous action
2414,16.7,29.4,verified autonomous action
2415,16.7,29.4,verified autonomous action
2416,16.7,29.4,verified autonomous action
2417,16.7,29.4,verified autonomous action
2418,16.7,29.4,verified autonomous action
2419,16.7,29.4,verified autonomous action
2420,16.7,29.4,verified autonomous action
2421,16.7,29.4,verified autonomous action
2422,16.7,29.4,verified autonomous action
2423,16.7,29.4,verified autonomous action
2424,16.7,29.4,verified autonomous action
2425,16.7,29.4,verified autonomous action
2426,16.7,29.4,verified autonomous action
2427,16.7,29.4,verified autonomous action
2428,16.7,29.4,verified autonomous action
2429,16.7,29.4,verified autonomous action
2430,16.7,29.4,verified autonomous action
2431,16.7,29.4,verified autonomous action
2432,16.7,29.4,verified autonomous action
2433,16.7,29.4,verified autonomous action
2434,16.7,29.4,verified autonomous action
2435,16.7,29.4,verified autonomous action
2436,16.7,29.4,verified autonomous action
2437,16.7,29.4,verified autonomous action
2438,16.7,29.4,verified autonomous action
2439,16.7,29.4,verified autonomous action
2440,16.7,29.4,verified autonomous action
2441,16.7,29.4,verified autonomous action
2442,16.7,29.4,verified autonomous action
2443,16.7,29.4,verified autonomous action
2444,16.7,29.4,verified autonomous action
2445,16.7,29.4,verified autonomous action
2446,16.7,29.4,verified autonomous action
2447,16.7,29.4,verified autonomous action
2448,16.7,29.4,verified autonomous action
2449,16.7,29.4,verified autonomous action
2450,16.7,29.4,verified autonomous action
2451,16.7,29.4,verified autonomous action
2452,16.7,29.4,verified autonomous action
2453,16.7,29.4,verified autonomous action
2454,16.7,29.4,verified autonomous action
2455,16.7,29.4,verified autonomous action
2456,16.7,29.4,verified autonomous action
2457,16.7,29.4,verified autonomous action
2458,16.7,29.4,verified autonomous action
2459,16.7,29.4,verified autonomous action
2460,16.7,29.4,verified autonomous action
2461,16.7,29.4,verified autonomous action
2462,16.7,29.4,verified autonomous action
2463,16.7,29.4,verified autonomous action
2464,16.7,29.4,verified autonomous action
2465,22.0,24.0,verified autonomous action
2466,22.0,24.0,verified autonomous action
2467,22.0,24.0,verified autonomous action
2468,22.0,24.0,verified autonomous action
2469,22.0,24.0,verified autonomous action
2470,22.0,24.0,verified autonomous action
2471,22.0,24.0,verified autonomous action
2472,22.0,24.0,verified autonomous action
2473,22.0,24.0,verified autonomous action
2474,22.0,24.0,verified autonomous action
2475,22.0,24.0,verified autonomous action
2476,22.0,24.0,verified autonomous action
2477,22.0,24.0,verified autonomous action
2478,22.0,24.0,verified autonomous action
2479,16.7,29.4,verified autonomous action
2480,16.7,29.4,verified autonomous action
2481,16.7,29.4,verified autonomous action
2482,16.7,29.4,verified autonomous action
2483,16.7,29.4,verified autonomous action
2484,16.7,29.4,verified autonomous action
2485,16.7,29.4,verified autonomous action
2486,16.7,29.4,verified autonomous action
2487,16.7,29.4,verified autonomous action
2488,16.7,29.4,verified autonomous action
2489,16.7,29.4,verified autonomous action
2490,22.0,24.0,verified autonomous action
2491,22.0,24.0,verified autonomous action
2492,22.0,24.0,verified autonomous action
2493,22.0,24.0,verified autonomous action
2494,22.0,24.0,verified autonomous action
2495,22.0,24.0,verified autonomous action
2496,22.0,24.0,verified autonomous action
2497,22.0,24.0,verified autonomous action
2498,22.0,24.0,verified autonomous action
2499,22.0,24.0,verified autonomous action
2500,22.0,24.0,verified autonomous action
2501,22.0,24.0,verified autonomous action
2502,22.0,24.0,verified autonomous action
2503,22.0,24.0,verified autonomous action
2504,16.7,29.4,verified autonomous action
2505,16.7,29.4,verified autonomous action
2506,16.7,29.4,verified autonomous action
2507,16.7,29.4,verified autonomous action
2508,16.7,29.4,verified autonomous action
2509,16.7,29.4,verified autonomous action
2510,16.7,29.4,verified autonomous action
2511,16.7,29.4,verified autonomous action
2512,16.7,29.4,verified autonomous action
2513,16.7,29.4,verified autonomous action
2514,22.0,24.0,verified autonomous action
2515,22.0,24.0,verified autonomous action
2516,22.0,24.0,verified autonomous action
2517,22.0,24.0,verified autonomous action
2518,22.0,24.0,verified autonomous action
2519,22.0,24.0,verified autonomous action
2520,22.0,24.0,verified autonomous action
2521,22.0,24.0,verified autonomous action
2522,22.0,24.0,verified autonomous action
2523,22.0,24.0,verified autonomous action
2524,22.0,24.0,verified autonomous action
2525,22.0,24.0,verified autonomous action
2526,22.0,24.0,verified autonomous action
2527,22.0,24.0,verified autonomous action
2528,16.7,29.4,verified autonomous action
2529,16.7,29.4,verified autonomous action
2530,16.7,29.4,verified autonomous action
2531,16.7,29.4,verified autonomous action
2532,16.7,29.4,verified autonomous action
2533,16.7,29.4,verified autonomous action
2534,16.7,29.4,verified autonomous action
2535,16.7,29.4,verified autonomous action
2536,16.7,29.4,verified autonomous action
2537,16.7,29.4,verified autonomous action
2538,22.0,24.0,verified autonomous action
2539,22.0,24.0,verified autonomous action
2540,22.0,24.0,verified autonomous action
2541,22.0,24.0,verified autonomous action
2542,22.0,24.0,verified autonomous action
2543,22.0,24.0,verified autonomous action
2544,22.0,24.0,verified autonomous action
2545,22.0,24.0,verified autonomous action
2546,22.0,24.0,verified autonomous action
2547,22.0,24.0,verified autonomous action
2548,22.0,24.0,verified autonomous action
2549,22.0,24.0,verified autonomous action
2550,22.0,24.0,verified autonomous action
2551,22.0,24.0,verified autonomous action
2552,16.7,29.4,verified autonomous action
2553,16.7,29.4,verified autonomous action
2554,16.7,29.4,verified autonomous action
2555,16.7,29.4,verified autonomous action
2556,16.7,29.4,verified autonomous action
2557,16.7,29.4,verified autonomous action
2558,16.7,29.4,verified autonomous action
2559,16.7,29.4,verified autonomous action
2560,16.7,29.4,verified autonomous action
2561,16.7,29.4,verified autonomous action
2562,22.0,24.0,verified autonomous action
2563,22.0,24.0,verified autonomous action
2564,22.0,24.0,verified autonomous action
2565,22.0,24.0,verified autonomous action
2566,22.0,24.0,verified autonomous action
2567,22.0,24.0,verified autonomous action
2568,22.0,24.0,verified autonomous action
2569,22.0,24.0,verified autonomous action
2570,22.0,24.0,verified autonomous action
2571,22.0,24.0,verified autonomous action
2572,22.0,24.0,verified autonomous action
2573,22.0,24.0,verified autonomous action
2574,22.0,24.0,verified autonomous action
2575,22.0,24.0,verified autonomous action
2576,16.7,29.4,verified autonomous action
2577,16.7,29.4,verified autonomous action
2578,16.7,29.4,verified autonomous action
2579,16.7,29.4,verified autonomous action
2580,16.7,29.4,verified autonomous action
2581,16.7,29.4,verified autonomous action
2582,16.7,29.4,verified autonomous action
2583,16.7,29.4,verified autonomous action
2584,16.7,29.4,verified autonomous action
2585,16.7,29.4,verified autonomous action
2586,16.7,29.4,verified autonomous action
2587,16.7,29.4,verified autonomous action
2588,16.7,29.4,verified autonomous action
2589,16.7,29.4,verified autonomous action
2590,16.7,29.4,verified autonomous action
2591,16.7,29.4,verified autonomous action
2592,16.7,29.4,verified autonomous action
2593,16.7,29.4,verified autonomous action
2594,16.7,29.4,verified autonomous action
2595,16.7,29.4,verified autonomous action
2596,16.7,29.4,verified autonomous action
2597,16.7,29.4,verified autonomous action
2598,16.7,29.4,verified autonomous action
2599,16.7,29.4,verified autonomous action
2600,16.7,29.4,verified autonomous action
2601,16.7,29.4,verified autonomous action
2602,16.7,29.4,verified autonomous action
2603,16.7,29.4,verified autonomous action
2604,16.7,29.4,verified autonomous action
2605,16.7,29.4,verified autonomous action
2606,16.7,29.4,verified autonomous action
2607,16.7,29.4,verified autonomous action
2608,16.7,29.4,verified autonomous action
2609,16.7,29.4,verified autonomous action
2610,16.7,29.4,verified autonomous action
2611,16.7,29.4,verified autonomous action
2612,16.7,29.4,verified autonomous action
2613,16.7,29.4,verified autonomous action
2614,16.7,29.4,verified autonomous action
2615,16.7,29.4,verified autonomous action
2616,16.7,29.4,verified autonomous action
2617,16.7,29.4,verified autonomous action
2618,16.7,29.4,verified autonomous action
2619,16.7,29.4,verified autonomous action
2620,16.7,29.4,verified autonomous action
2621,16.7,29.4,verified autonomous action
2622,16.7,29.4,verified autonomous action
2623,16.7,29.4,verified autonomous action
2624,16.7,29.4,verified autonomous action
2625,16.7,29.4,verified autonomous action
2626,16.7,29.4,verified autonomous action
2627,16.7,29.4,verified autonomous action
2628,16.7,29.4,verified autonomous action
2629,16.7,29.4,verified autonomous action
2630,16.7,29.4,verified autonomous action
2631,16.7,29.4,verified autonomous action
2632,16.7,29.4,verified autonomous action
2633,16.7,29.4,verified autonomous action
2634,22.0,24.0,verified autonomous action
2635,22.0,24.0,verified autonomous action
2636,22.0,24.0,verified autonomous action
2637,22.0,24.0,verified autonomous action
2638,22.0,24.0,verified autonomous action
2639,22.0,24.0,verified autonomous action
2640,22.0,24.0,verified autonomous action
2641,22.0,24.0,verified autonomous action
2642,22.0,24.0,verified autonomous action
2643,22.0,24.0,verified autonomous action
2644,22.0,24.0,verified autonomous action
2645,22.0,24.0,verified autonomous action
2646,22.0,24.0,verified autonomous action
2647,22.0,24.0,verified autonomous action
2648,16.7,29.4,verified autonomous action
2649,16.7,29.4,verified autonomous action
2650,16.7,29.4,verified autonomous action
2651,16.7,29.4,verified autonomous action
2652,16.7,29.4,verified autonomous action
2653,16.7,29.4,verified autonomous action
2654,16.7,29.4,verified autonomous action
2655,16.7,29.4,verified autonomous action
2656,16.7,29.4,verified autonomous action
2657,16.7,29.4,verified autonomous action
2658,16.7,29.4,verified autonomous action
2659,22.0,24.0,verified autonomous action
2660,22.0,24.0,verified autonomous action
2661,22.0,24.0,verified autonomous action
2662,22.0,24.0,verified autonomous action
2663,22.0,24.0,verified autonomous action
2664,22.0,24.0,verified autonomous action
2665,22.0,24.0,verified autonomous action
2666,22.0,24.0,verified autonomous action
2667,22.0,24.0,verified autonomous action
2668,22.0,24.0,verified autonomous action
2669,22.0,24.0,verified autonomous action
2670,22.0,24.0,verified autonomous action
2671,22.0,24.0,verified autonomous action
2672,22.0,24.0,verified autonomous action
2673,16.7,29.4,verified autonomous action
2674,16.7,29.4,verified autonomous action
2675,16.7,29.4,verified autonomous action
2676,16.7,29.4,verified autonomous action
2677,16.7,29.4,verified autonomous action
2678,16.7,29.4,verified autonomous action
2679,16.7,29.4,verified autonomous action
2680,16.7,29.4,verified autonomous action
2681,16.7,29.4,verified autonomous action
2682,16.7,29.4,verified autonomous action
2683,22.0,24.0,verified autonomous action
2684,22.0,24.0,verified autonomous action
2685,22.0,24.0,verified autonomous action
2686,22.0,24.0,verified autonomous action
2687,22.0,24.0,verified autonomous action
2688,22.0,24.0,verified autonomous action
2689,22.0,24.0,verified autonomous action
2690,22.0,24.0,verified autonomous action
2691,22.0,24.0,verified autonomous action
2692,22.0,24.0,verified autonomous action
2693,22.0,24.0,verified autonomous action
2694,22.0,24.0,verified autonomous action
2695,22.0,24.0,verified autonomous action
2696,22.0,24.0,verified autonomous action
2697,16.7,29.4,verified autonomous action
2698,16.7,29.4,verified autonomous action
2699,16.7,29.4,verified autonomous action
2700,16.7,29.4,verified autonomous action
2701,16.7,29.4,verified autonomous action
2702,16.7,29.4,verified autonomous action
2703,16.7,29.4,verified autonomous action
2704,16.7,29.4,verified autonomous action
2705,16.7,29.4,verified autonomous action
2706,16.7,29.4,verified autonomous action
2707,22.0,24.0,verified autonomous action
2708,22.0,24.0,verified autonomous action
2709,22.0,24.0,verified autonomous action
2710,22.0,24.0,verified autonomous action
2711,22.0,24.0,verified autonomous action
2712,22.0,24.0,verified autonomous action
2713,22.0,24.0,verified autonomous action
2714,22.0,24.0,verified autonomous action
2715,22.0,24.0,verified autonomous action
2716,22.0,24.0,verified autonomous action
2717,22.0,24.0,verified autonomous action
2718,22.0,24.0,verified autonomous action
2719,22.0,24.0,verified autonomous action
2720,22.0,24.0,verified autonomous action
2721,16.7,29.4,verified autonomous action
2722,16.7,29.4,verified autonomous action
2723,16.7,29.4,verified autonomous action
2724,16.7,29.4,verified autonomous action
2725,16.7,29.4,verified autonomous action
2726,16.7,29.4,verified autonomous action
2727,16.7,29.4,verified autonomous action
2728,16.7,29.4,verified autonomous action
2729,16.7,29.4,verified autonomous action
2730,16.7,29.4,verified autonomous action
2731,22.0,24.0,verified autonomous action
2732,22.0,24.0,verified autonomous action
2733,22.0,24.0,verified autonomous action
2734,22.0,24.0,verified autonomous action
2735,22.0,24.0,verified autonomous action
2736,22.0,24.0,verified autonomous action
2737,22.0,24.0,verified autonomous action
2738,22.0,24.0,verified autonomous action
2739,22.0,24.0,verified autonomous action
2740,22.0,24.0,verified autonomous action
2741,22.0,24.0,verified autonomous action
2742,22.0,24.0,verified autonomous action
2743,22.0,24.0,verified autonomous action
2744,22.0,24.0,verified autonomous action
2745,16.7,29.4,verified autonomous action
2746,16.7,29.4,verified autonomous action
2747,16.7,29.4,verified autonomous action
2748,16.7,29.4,verified autonomous action
2749,16.7,29.4,verified autonomous action
2750,16.7,29.4,verified autonomous action
2751,16.7,29.4,verified autonomous action
2752,16.7,29.4,verified autonomous action
2753,16.7,29.4,verified autonomous action
2754,16.7,29.4,verified autonomous action
2755,16.7,29.4,verified autonomous action
2756,16.7,29.4,verified autonomous action
2757,16.7,29.4,verified autonomous action
2758,16.7,29.4,verified autonomous action
2759,16.7,29.4,verified autonomous action
2760,16.7,29.4,verified autonomous action
2761,16.7,29.4,verified autonomous action
2762,16.7,29.4,verified autonomous action
2763,16.7,29.4,verified autonomous action
2764,16.7,29.4,verified autonomous action
2765,16.7,29.4,verified autonomous action
2766,16.7,29.4,verified autonomous action
2767,16.7,29.4,verified autonomous action
2768,16.7,29.4,verified autonomous action
2769,16.7,29.4,verified autonomous action
2770,16.7,29.4,verified autonomous action
2771,16.7,29.4,verified autonomous action
2772,16.7,29.4,verified autonomous action
2773,16.7,29.4,verified autonomous action
2774,16.7,29.4,verified autonomous action
2775,16.7,29.4,verified autonomous action
2776,16.7,29.4,verified autonomous action
2777,16.7,29.4,verified autonomous action
2778,16.7,29.4,verified autonomous action
2779,16.7,29.4,verified autonomous action
2780,16.7,29.4,verified autonomous action
2781,16.7,29.4,verified autonomous action
2782,16.7,29.4,verified autonomous action
2783,16.7,29.4,verified autonomous action
2784,16.7,29.4,verified autonomous action
2785,16.7,29.4,verified autonomous action
2786,16.7,29.4,verified autonomous action
2787,16.7,29.4,verified autonomous action
2788,16.7,29.4,verified autonomous action
2789,16.7,29.4,verified autonomous action
2790,16.7,29.4,verified autonomous action
2791,16.7,29.4,verified autonomous action
2792,16.7,29.4,verified autonomous action
2793,16.7,29.4,verified autonomous action
2794,16.7,29.4,verified autonomous action
2795,16.7,29.4,verified autonomous action
2796,16.7,29.4,verified autonomous action
2797,16.7,29.4,verified autonomous action
2798,16.7,29.4,verified autonomous action
2799,16.7,29.4,verified autonomous action
2800,16.7,29.4,verified autonomous action
2801,16.7,29.4,verified autonomous action
2802,16.7,29.4,verified autonomous action
2803,22.0,24.0,verified autonomous action
2804,22.0,24.0,verified autonomous action
2805,22.0,24.0,verified autonomous action
2806,22.0,24.0,verified autonomous action
2807,22.0,24.0,verified autonomous action
2808,22.0,24.0,verified autonomous action
2809,22.0,24.0,verified autonomous action
2810,22.0,24.0,verified autonomous action
2811,22.0,24.0,verified autonomous action
2812,22.0,24.0,verified autonomous action
2813,22.0,24.0,verified autonomous action
2814,22.0,24.0,verified autonomous action
2815,22.0,24.0,verified autonomous action
2816,22.0,24.0,verified autonomous action
2817,16.7,29.4,verified autonomous action
2818,16.7,29.4,verified autonomous action
2819,16.7,29.4,verified autonomous action
2820,16.7,29.4,verified autonomous action
2821,16.7,29.4,verified autonomous action
2822,16.7,29.4,verified autonomous action
2823,16.7,29.4,verified autonomous action
2824,16.7,29.4,verified autonomous action
2825,16.7,29.4,verified autonomous action
2826,16.7,29.4,verified autonomous action
2827,16.7,29.4,verified autonomous action
2828,22.0,24.0,verified autonomous action
2829,22.0,24.0,verified autonomous action
2830,22.0,24.0,verified autonomous action
2831,22.0,24.0,verified autonomous action
2832,22.0,24.0,verified autonomous action
2833,22.0,24.0,verified autonomous action
2834,22.0,24.0,verified autonomous action
2835,22.0,24.0,verified autonomous action
2836,22.0,24.0,verified autonomous action
2837,22.0,24.0,verified autonomous action
2838,22.0,24.0,verified autonomous action
2839,22.0,24.0,verified autonomous action
2840,22.0,24.0,verified autonomous action
2841,22.0,24.0,verified autonomous action
2842,16.7,29.4,verified autonomous action
2843,16.7,29.4,verified autonomous action
2844,16.7,29.4,verified autonomous action
2845,16.7,29.4,verified autonomous action
2846,16.7,29.4,verified autonomous action
2847,16.7,29.4,verified autonomous action
2848,16.7,29.4,verified autonomous action
2849,16.7,29.4,verified autonomous action
2850,16.7,29.4,verified autonomous action
2851,16.7,29.4,verified autonomous action
2852,22.0,24.0,verified autonomous action
2853,22.0,24.0,verified autonomous action
2854,22.0,24.0,verified autonomous action
2855,22.0,24.0,verified autonomous action
2856,22.0,24.0,verified autonomous action
2857,22.0,24.0,verified autonomous action
2858,22.0,24.0,verified autonomous action
2859,22.0,24.0,verified autonomous action
2860,22.0,24.0,verified autonomous action
2861,22.0,24.0,verified autonomous action
2862,22.0,24.0,verified autonomous action
2863,22.0,24.0,verified autonomous action
2864,22.0,24.0,verified autonomous action
2865,22.0,24.0,verified autonomous action
2866,16.7,29.4,verified autonomous action
2867,16.7,29.4,verified autonomous action
2868,16.7,29.4,verified autonomous action
2869,16.7,29.4,verified autonomous action
2870,16.7,29.4,verified autonomous action
2871,16.7,29.4,verified autonomous action
2872,16.7,29.4,verified autonomous action
2873,16.7,29.4,verified autonomous action
2874,16.7,29.4,verified autonomous action
2875,16.7,29.4,verified autonomous action
2876,22.0,24.0,verified autonomous action
2877,22.0,24.0,verified autonomous action
2878,22.0,24.0,verified autonomous action
2879,22.0,24.0,verified autonomous action
2880,22.0,24.0,verified autonomous action
2881,22.0,24.0,verified autonomous action
2882,22.0,24.0,verified autonomous action
2883,22.0,24.0,verified autonomous action
2884,22.0,24.0,verified autonomous action
2885,22.0,24.0,verified autonomous action
2886,22.0,24.0,verified autonomous action
2887,22.0,24.0,verified autonomous action
2888,22.0,24.0,verified autonomous action
2889,22.0,24.0,verified autonomous action
2890,16.7,29.4,verified autonomous action
2891,16.7,29.4,verified autonomous action
2892,16.7,29.4,verified autonomous action
2893,16.7,29.4,verified autonomous action
2894,16.7,29.4,verified autonomous action
2895,16.7,29.4,verified autonomous action
2896,16.7,29.4,verified autonomous action
2897,16.7,29.4,verified autonomous action
2898,16.7,29.4,verified autonomous action
2899,16.7,29.4,verified autonomous action
2900,22.0,24.0,verified autonomous action
2901,22.0,24.0,verified autonomous action
2902,22.0,24.0,verified autonomous action
2903,22.0,24.0,verified autonomous action
2904,22.0,24.0,verified autonomous action
2905,22.0,24.0,verified autonomous action
2906,22.0,24.0,verified autonomous action
2907,22.0,24.0,verified autonomous action
2908,22.0,24.0,verified autonomous action
2909,22.0,24.0,verified autonomous action
2910,22.0,24.0,verified autonomous action
2911,22.0,24.0,verified autonomous action
2912,22.0,24.0,verified autonomous action
2913,22.0,24.0,verified autonomous action
2914,16.7,29.4,verified autonomous action
2915,16.7,29.4,verified autonomous action
2916,16.7,29.4,verified autonomous action
2917,16.7,29.4,verified autonomous action
2918,16.7,29.4,verified autonomous action
2919,16.7,29.4,verified autonomous action
2920,16.7,29.4,verified autonomous action
2921,16.7,29.4,verified autonomous action
2922,16.7,29.4,verified autonomous action
2923,16.7,29.4,verified autonomous action
2924,16.7,29.4,verified autonomous action
2925,16.7,29.4,verified autonomous action
2926,16.7,29.4,verified autonomous action
2927,16.7,29.4,verified autonomous action
2928,16.7,29.4,verified autonomous action
2929,16.7,29.4,verified autonomous action
2930,16.7,29.4,verified autonomous action
2931,16.7,29.4,verified autonomous action
2932,16.7,29.4,verified autonomous action
2933,16.7,29.4,verified autonomous action
2934,16.7,29.4,verified autonomous action
2935,16.7,29.4,verified autonomous action
2936,16.7,29.4,verified autonomous action
2937,16.7,29.4,verified autonomous action
2938,16.7,29.4,verified autonomous action
2939,16.7,29.4,verified autonomous action
2940,16.7,29.4,verified autonomous action
2941,16.7,29.4,verified autonomous action
2942,16.7,29.4,verified autonomous action
2943,16.7,29.4,verified autonomous action
2944,16.7,29.4,verified autonomous action
2945,16.7,29.4,verified autonomous action
2946,16.7,29.4,verified autonomous action
2947,16.7,29.4,verified autonomous action
2948,16.7,29.4,verified autonomous action
2949,16.7,29.4,verified autonomous action
2950,16.7,29.4,verified autonomous action
2951,16.7,29.4,verified autonomous action
2952,16.7,29.4,verified autonomous action
2953,16.7,29.4,verified autonomous action
2954,16.7,29.4,verified autonomous action
2955,16.7,29.4,verified autonomous action
2956,16.7,29.4,verified autonomous action
2957,16.7,29.4,verified autonomous action
2958,16.7,29.4,verified autonomous action
2959,16.7,29.4,verified autonomous action
2960,16.7,29.4,verified autonomous action
2961,16.7,29.4,verified autonomous action
2962,16.7,29.4,verified autonomous action
2963,16.7,29.4,verified autonomous action
2964,16.7,29.4,verified autonomous action
2965,16.7,29.4,verified autonomous action
2966,16.7,29.4,verified autonomous action
2967,16.7,29.4,verified autonomous action
2968,16.7,29.4,verified autonomous action
2969,16.7,29.4,verified autonomous action
2970,16.7,29.4,verified autonomous action
2971,16.7,29.4,verified autonomous action
2972,22.0,24.0,verified autonomous action
2973,22.0,24.0,verified autonomous action
2974,22.0,24.0,verified autonomous action
2975,22.0,24.0,verified autonomous action
2976,22.0,24.0,verified autonomous action
2977,22.0,24.0,verified autonomous action
2978,22.0,24.0,verified autonomous action
2979,22.0,24.0,verified autonomous action
2980,22.0,24.0,verified autonomous action
2981,22.0,24.0,verified autonomous action
2982,22.0,24.0,verified autonomous action
2983,22.0,24.0,verified autonomous action
2984,22.0,24.0,verified autonomous action
2985,22.0,24.0,verified autonomous action
2986,16.7,29.4,verified autonomous action
2987,16.7,29.4,verified autonomous action
2988,16.7,29.4,verified autonomous action
2989,16.7,29.4,verified autonomous action
2990,16.7,29.4,verified autonomous action
2991,16.7,29.4,verified autonomous action
2992,16.7,29.4,verified autonomous action
2993,16.7,29.4,verified autonomous action
2994,16.7,29.4,verified autonomous action
2995,16.7,29.4,verified autonomous action
2996,16.7,29.4,verified autonomous action
2997,22.0,24.0,verified autonomous action
2998,22.0,24.0,verified autonomous action
2999,22.0,24.0,verified autonomous action
3000,22.0,24.0,verified autonomous action
3001,22.0,24.0,verified autonomous action
3002,22.0,24.0,verified autonomous action
3003,22.0,24.0,verified autonomous action
3004,22.0,24.0,verified autonomous action
3005,22.0,24.0,verified autonomous action
3006,22.0,24.0,verified autonomous action
3007,22.0,24.0,verified autonomous action
3008,22.0,24.0,verified autonomous action
3009,22.0,24.0,verified autonomous action
3010,22.0,24.0,verified autonomous action
3011,16.7,29.4,verified autonomous action
3012,16.7,29.4,verified autonomous action
3013,16.7,29.4,verified autonomous action
3014,16.7,29.4,verified autonomous action
3015,16.7,29.4,verified autonomous action
3016,16.7,29.4,verified autonomous action
3017,16.7,29.4,verified autonomous action
3018,16.7,29.4,verified autonomous action
3019,16.7,29.4,verified autonomous action
3020,16.7,29.4,verified autonomous action
3021,22.0,24.0,verified autonomous action
3022,22.0,24.0,verified autonomous action
3023,22.0,24.0,verified autonomous action
3024,22.0,24.0,verified autonomous action
3025,22.0,24.0,verified autonomous action
3026,22.0,24.0,verified autonomous action
3027,22.0,24.0,verified autonomous action
3028,22.0,24.0,verified autonomous action
3029,22.0,24.0,verified autonomous action
3030,22.0,24.0,verified autonomous action
3031,22.0,24.0,verified autonomous action
3032,22.0,24.0,verified autonomous action
3033,22.0,24.0,verified autonomous action
3034,22.0,24.0,verified autonomous action
3035,16.7,29.4,verified autonomous action
3036,16.7,29.4,verified autonomous action
3037,16.7,29.4,verified autonomous action
3038,16.7,29.4,verified autonomous action
3039,16.7,29.4,verified autonomous action
3040,16.7,29.4,verified autonomous action
3041,16.7,29.4,verified autonomous action
3042,16.7,29.4,verified autonomous action
3043,16.7,29.4,verified autonomous action
3044,16.7,29.4,verified autonomous action
3045,22.0,24.0,verified autonomous action
3046,22.0,24.0,verified autonomous action
3047,22.0,24.0,verified autonomous action
3048,22.0,24.0,verified autonomous action
3049,22.0,24.0,verified autonomous action
3050,22.0,24.0,verified autonomous action
3051,22.0,24.0,verified autonomous action
3052,22.0,24.0,verified autonomous action
3053,22.0,24.0,verified autonomous action
3054,22.0,24.0,verified autonomous action
3055,22.0,24.0,verified autonomous action
3056,22.0,24.0,verified autonomous action
3057,22.0,24.0,verified autonomous action
3058,22.0,24.0,verified autonomous action
3059,16.7,29.4,verified autonomous action
3060,16.7,29.4,verified autonomous action
3061,16.7,29.4,verified autonomous action
3062,16.7,29.4,verified autonomous action
3063,16.7,29.4,verified autonomous action
3064,16.7,29.4,verified autonomous action
3065,16.7,29.4,verified autonomous action
3066,16.7,29.4,verified autonomous action
3067,16.7,29.4,verified autonomous action
3068,16.7,29.4,verified autonomous action
3069,22.0,24.0,verified autonomous action
3070,22.0,24.0,verified autonomous action
3071,22.0,24.0,verified autonomous action
3072,22.0,24.0,verified autonomous action
3073,22.0,24.0,verified autonomous action
3074,22.0,24.0,verified autonomous action
3075,22.0,24.0,verified autonomous action
3076,22.0,24.0,verified autonomous action
3077,22.0,24.0,verified autonomous action
3078,22.0,24.0,verified autonomous action
3079,22.0,24.0,verified autonomous action
3080,22.0,24.0,verified autonomous action
3081,22.0,24.0,verified autonomous action
3082,22.0,24.0,verified autonomous action
3083,16.7,29.4,verified autonomous action
3084,16.7,29.4,verified autonomous action
3085,16.7,29.4,verified autonomous action
3086,16.7,29.4,verified autonomous action
3087,16.7,29.4,verified autonomous action
3088,16.7,29.4,verified autonomous action
3089,16.7,29.4,verified autonomous action
3090,16.7,29.4,verified autonomous action
3091,16.7,29.4,verified autonomous action
3092,16.7,29.4,verified autonomous action
3093,16.7,29.4,verified autonomous action
3094,16.7,29.4,verified autonomous action
3095,16.7,29.4,verified autonomous action
3096,16.7,29.4,verified autonomous action
3097,16.7,29.4,verified autonomous action
3098,16.7,29.4,verified autonomous action
3099,16.7,29.4,verified autonomous action
3100,16.7,29.4,verified autonomous action
3101,16.7,29.4,verified autonomous action
3102,16.7,29.4,verified autonomous action
3103,16.7,29.4,verified autonomous action
3104,16.7,29.4,verified autonomous action
3105,16.7,29.4,verified autonomous action
3106,16.7,29.4,verified autonomous action
3107,16.7,29.4,verified autonomous action
3108,16.7,29.4,verified autonomous action
3109,16.7,29.4,verified autonomous action
3110,16.7,29.4,verified autonomous action
3111,16.7,29.4,verified autonomous action
3112,16.7,29.4,verified autonomous action
3113,16.7,29.4,verified autonomous action
3114,16.7,29.4,verified autonomous action
3115,16.7,29.4,verified autonomous action
3116,16.7,29.4,verified autonomous action
3117,16.7,29.4,verified autonomous action
3118,16.7,29.4,verified autonomous action
3119,16.7,29.4,verified autonomous action
3120,16.7,29.4,verified autonomous action
3121,16.7,29.4,verified autonomous action
3122,16.7,29.4,verified autonomous action
3123,16.7,29.4,verified autonomous action
3124,16.7,29.4,verified autonomous action
3125,16.7,29.4,verified autonomous action
3126,16.7,29.4,verified autonomous action
3127,16.7,29.4,verified autonomous action
3128,16.7,29.4,verified autonomous action
3129,16.7,29.4,verified autonomous action
3130,16.7,29.4,verified autonomous action
3131,16.7,29.4,verified autonomous action
3132,16.7,29.4,verified autonomous action
3133,16.7,29.4,verified autonomous action
3134,16.7,29.4,verified autonomous action
3135,16.7,29.4,verified autonomous action
3136,16.7,29.4,verified autonomous action
3137,16.7,29.4,verified autonomous action
3138,16.7,29.4,verified autonomous action
3139,16.7,29.4,verified autonomous action
3140,16.7,29.4,verified autonomous action
3141,22.0,24.0,verified autonomous action
3142,22.0,24.0,verified autonomous action
3143,22.0,24.0,verified autonomous action
3144,22.0,24.0,verified autonomous action
3145,22.0,24.0,verified autonomous action
3146,22.0,24.0,verified autonomous action
3147,22.0,24.0,verified autonomous action
3148,22.0,24.0,verified autonomous action
3149,22.0,24.0,verified autonomous action
3150,22.0,24.0,verified autonomous action
3151,22.0,24.0,verified autonomous action
3152,22.0,24.0,verified autonomous action
3153,22.0,24.0,verified autonomous action
3154,22.0,24.0,verified autonomous action
3155,16.7,29.4,verified autonomous action
3156,16.7,29.4,verified autonomous action
3157,16.7,29.4,verified autonomous action
3158,16.7,29.4,verified autonomous action
3159,16.7,29.4,verified autonomous action
3160,16.7,29.4,verified autonomous action
3161,16.7,29.4,verified autonomous action
3162,16.7,29.4,verified autonomous action
3163,16.7,29.4,verified autonomous action
3164,16.7,29.4,verified autonomous action
3165,16.7,29.4,verified autonomous action
3166,22.0,24.0,verified autonomous action
3167,22.0,24.0,verified autonomous action
3168,22.0,24.0,verified autonomous action
3169,22.0,24.0,verified autonomous action
3170,22.0,24.0,verified autonomous action
3171,22.0,24.0,verified autonomous action
3172,22.0,24.0,verified autonomous action
3173,22.0,24.0,verified autonomous action
3174,22.0,24.0,verified autonomous action
3175,22.0,24.0,verified autonomous action
3176,22.0,24.0,verified autonomous action
3177,22.0,24.0,verified autonomous action
3178,22.0,24.0,verified autonomous action
3179,22.0,24.0,verified autonomous action
3180,16.7,29.4,verified autonomous action
3181,16.7,29.4,verified autonomous action
3182,16.7,29.4,verified autonomous action
3183,16.7,29.4,verified autonomous action
3184,16.7,29.4,verified autonomous action
3185,16.7,29.4,verified autonomous action
3186,16.7,29.4,verified autonomous action
3187,16.7,29.4,verified autonomous action
3188,16.7,29.4,verified autonomous action
3189,16.7,29.4,verified autonomous action
3190,22.0,24.0,verified autonomous action
3191,22.0,24.0,verified autonomous action
3192,22.0,24.0,verified autonomous action
3193,22.0,24.0,verified autonomous action
3194,22.0,24.0,verified autonomous action
3195,22.0,24.0,verified autonomous action
3196,22.0,24.0,verified autonomous action
3197,22.0,24.0,verified autonomous action
3198,22.0,24.0,verified autonomous action
3199,22.0,24.0,verified autonomous action
3200,22.0,24.0,verified autonomous action
3201,22.0,24.0,verified autonomous action
3202,22.0,24.0,verified autonomous action
3203,22.0,24.0,verified autonomous action
3204,16.7,29.4,verified autonomous action
3205,16.7,29.4,verified autonomous action
3206,16.7,29.4,verified autonomous action
3207,16.7,29.4,verified autonomous action
3208,16.7,29.4,verified autonomous action
3209,16.7,29.4,verified autonomous action
3210,16.7,29.4,verified autonomous action
3211,16.7,29.4,verified autonomous action
3212,16.7,29.4,verified autonomous action
3213,16.7,29.4,verified autonomous action
3214,22.0,24.0,verified autonomous action
3215,22.0,24.0,verified autonomous action
3216,22.0,24.0,verified autonomous action
3217,22.0,24.0,verified autonomous action
3218,22.0,24.0,verified autonomous action
3219,22.0,24.0,verified autonomous action
3220,22.0,24.0,verified autonomous action
3221,22.0,24.0,verified autonomous action
3222,22.0,24.0,verified autonomous action
3223,22.0,24.0,verified autonomous action
3224,22.0,24.0,verified autonomous action
3225,22.0,24.0,verified autonomous action
3226,22.0,24.0,verified autonomous action
3227,22.0,24.0,verified autonomous action
3228,16.7,29.4,verified autonomous action
3229,16.7,29.4,verified autonomous action
3230,16.7,29.4,verified autonomous action
3231,16.7,29.4,verified autonomous action
3232,16.7,29.4,verified autonomous action
3233,16.7,29.4,verified autonomous action
3234,16.7,29.4,verified autonomous action
3235,16.7,29.4,verified autonomous action
3236,16.7,29.4,verified autonomous action
3237,16.7,29.4,verified autonomous action
3238,22.0,24.0,verified autonomous action
3239,22.0,24.0,verified autonomous action
3240,22.0,24.0,verified autonomous action
3241,22.0,24.0,verified autonomous action
3242,22.0,24.0,verified autonomous action
3243,22.0,24.0,verified autonomous action
3244,22.0,24.0,verified autonomous action
3245,22.0,24.0,verified autonomous action
3246,22.0,24.0,verified autonomous action
3247,22.0,24.0,verified autonomous action
3248,22.0,24.0,verified autonomous action
3249,22.0,24.0,verified autonomous action
3250,22.0,24.0,verified autonomous action
3251,22.0,24.0,verified autonomous action
3252,16.7,29.4,verified autonomous action
3253,16.7,29.4,verified autonomous action
3254,16.7,29.4,verified autonomous action
3255,16.7,29.4,verified autonomous action
3256,16.7,29.4,verified autonomous action
3257,16.7,29.4,verified autonomous action
3258,16.7,29.4,verified autonomous action
3259,16.7,29.4,verified autonomous action
3260,16.7,29.4,verified autonomous action
3261,16.7,29.4,verified autonomous action
3262,16.7,29.4,verified autonomous action
3263,16.7,29.4,verified autonomous action
3264,16.7,29.4,verified autonomous action
3265,16.7,29.4,verified autonomous action
3266,16.7,29.4,verified autonomous action
3267,16.7,29.4,verified autonomous action
3268,16.7,29.4,verified autonomous action
3269,16.7,29.4,verified autonomous action
3270,16.7,29.4,verified autonomous action
3271,16.7,29.4,verified autonomous action
3272,16.7,29.4,verified autonomous action
3273,16.7,29.4,verified autonomous action
3274,16.7,29.4,verified autonomous action
3275,16.7,29.4,verified autonomous action
3276,16.7,29.4,verified autonomous action
3277,16.7,29.4,verified autonomous action
3278,16.7,29.4,verified autonomous action
3279,16.7,29.4,verified autonomous action
3280,16.7,29.4,verified autonomous action
3281,16.7,29.4,verified autonomous action
3282,16.7,29.4,verified autonomous action
3283,16.7,29.4,verified autonomous action
3284,16.7,29.4,verified autonomous action
3285,16.7,29.4,verified autonomous action
3286,16.7,29.4,verified autonomous action
3287,16.7,29.4,verified autonomous action
3288,16.7,29.4,verified autonomous action
3289,16.7,29.4,verified autonomous action
3290,16.7,29.4,verified autonomous action
3291,16.7,29.4,verified autonomous action
3292,16.7,29.4,verified autonomous action
3293,16.7,29.4,verified autonomous action
3294,16.7,29.4,verified autonomous action
3295,16.7,29.4,verified autonomous action
3296,16.7,29.4,verified autonomous action
3297,16.7,29.4,verified autonomous action
3298,16.7,29.4,verified autonomous action
3299,16.7,29.4,verified autonomous action
3300,16.7,29.4,verified autonomous action
3301,16.7,29.4,verified autonomous action
3302,16.7,29.4,verified autonomous action
3303,16.7,29.4,verified autonomous action
3304,16.7,29.4,verified autonomous action
3305,16.7,29.4,verified autonomous action
3306,16.7,29.4,verified autonomous action
3307,16.7,29.4,verified autonomous action
3308,16.7,29.4,verified autonomous action
3309,16.7,29.4,verified autonomous action
3310,22.0,24.0,verified autonomous action
3311,22.0,24.0,verified autonomous action
3312,22.0,24.0,verified autonomous action
3313,22.0,24.0,verified autonomous action
3314,22.0,24.0,verified autonomous action
3315,22.0,24.0,verified autonomous action
3316,22.0,24.0,verified autonomous action
3317,22.0,24.0,verified autonomous action
3318,22.0,24.0,verified autonomous action
3319,22.0,24.0,verified autonomous action
3320,22.0,24.0,verified autonomous action
3321,22.0,24.0,verified autonomous action
3322,22.0,24.0,verified autonomous action
3323,22.0,24.0,verified autonomous action
3324,16.7,29.4,verified autonomous action
3325,16.7,29.4,verified autonomous action
3326,16.7,29.4,verified autonomous action
3327,16.7,29.4,verified autonomous action
3328,16.7,29.4,verified autonomous action
3329,16.7,29.4,verified autonomous action
3330,16.7,29.4,verified autonomous action
3331,16.7,29.4,verified autonomous action
3332,16.7,29.4,verified autonomous action
3333,16.7,29.4,verified autonomous action
3334,16.7,29.4,verified autonomous action
3335,22.0,24.0,verified autonomous action
3336,22.0,24.0,verified autonomous action
3337,22.0,24.0,verified autonomous action
3338,22.0,24.0,verified autonomous action
3339,22.0,24.0,verified autonomous action
3340,22.0,24.0,verified autonomous action
3341,22.0,24.0,verified autonomous action
3342,22.0,24.0,verified autonomous action
3343,22.0,24.0,verified autonomous action
3344,22.0,24.0,verified autonomous action
3345,22.0,24.0,verified autonomous action
3346,22.0,24.0,verified autonomous action
3347,22.0,24.0,verified autonomous action
3348,22.0,24.0,verified autonomous action
3349,16.7,29.4,verified autonomous action
3350,16.7,29.4,verified autonomous action
3351,16.7,29.4,verified autonomous action
3352,16.7,29.4,verified autonomous action
3353,16.7,29.4,verified autonomous action
3354,16.7,29.4,verified autonomous action
3355,16.7,29.4,verified autonomous action
3356,16.7,29.4,verified autonomous action
3357,16.7,29.4,verified autonomous action
3358,16.7,29.4,verified autonomous action
3359,22.0,24.0,verified autonomous action
3360,22.0,24.0,verified autonomous action
3361,22.0,24.0,verified autonomous action
3362,22.0,24.0,verified autonomous action
3363,22.0,24.0,verified autonomous action
3364,22.0,24.0,verified autonomous action
3365,22.0,24.0,verified autonomous action
3366,22.0,24.0,verified autonomous action
3367,22.0,24.0,verified autonomous action
3368,22.0,24.0,verified autonomous action
3369,22.0,24.0,verified autonomous action
3370,22.0,24.0,verified autonomous action
3371,22.0,24.0,verified autonomous action
3372,22.0,24.0,verified autonomous action
3373,16.7,29.4,verified autonomous action
3374,16.7,29.4,verified autonomous action
3375,16.7,29.4,verified autonomous action
3376,16.7,29.4,verified autonomous action
3377,16.7,29.4,verified autonomous action
3378,16.7,29.4,verified autonomous action
3379,16.7,29.4,verified autonomous action
3380,16.7,29.4,verified autonomous action
3381,16.7,29.4,verified autonomous action
3382,16.7,29.4,verified autonomous action
3383,22.0,24.0,verified autonomous action
3384,22.0,24.0,verified autonomous action
3385,22.0,24.0,verified autonomous action
3386,22.0,24.0,verified autonomous action
3387,22.0,24.0,verified autonomous action
3388,22.0,24.0,verified autonomous action
3389,22.0,24.0,verified autonomous action
3390,22.0,24.0,verified autonomous action
3391,22.0,24.0,verified autonomous action
3392,22.0,24.0,verified autonomous action
3393,22.0,24.0,verified autonomous action
3394,22.0,24.0,verified autonomous action
3395,22.0,24.0,verified autonomous action
3396,22.0,24.0,verified autonomous action
3397,16.7,29.4,verified autonomous action
3398,16.7,29.4,verified autonomous action
3399,16.7,29.4,verified autonomous action
3400,16.7,29.4,verified autonomous action
3401,16.7,29.4,verified autonomous action
3402,16.7,29.4,verified autonomous action
3403,16.7,29.4,verified autonomous action
3404,16.7,29.4,verified autonomous action
3405,16.7,29.4,verified autonomous action
3406,16.7,29.4,verified autonomous action
3407,22.0,24.0,verified autonomous action
3408,22.0,24.0,verified autonomous action
3409,22.0,24.0,verified autonomous action
3410,22.0,24.0,verified autonomous action
3411,22.0,24.0,verified autonomous action
3412,22.0,24.0,verified autonomous action
3413,22.0,24.0,verified autonomous action
3414,22.0,24.0,verified autonomous action
3415,22.0,24.0,verified autonomous action
3416,22.0,24.0,verified autonomous action
3417,22.0,24.0,verified autonomous action
3418,22.0,24.0,verified autonomous action
3419,22.0,24.0,verified autonomous action
3420,22.0,24.0,verified autonomous action
3421,16.7,29.4,verified autonomous action
3422,16.7,29.4,verified autonomous action
3423,16.7,29.4,verified autonomous action
3424,16.7,29.4,verified autonomous action
3425,16.7,29.4,verified autonomous action
3426,16.7,29.4,verified autonomous action
3427,16.7,29.4,verified autonomous action
3428,16.7,29.4,verified autonomous action
3429,16.7,29.4,verified autonomous action
3430,16.7,29.4,verified autonomous action
3431,16.7,29.4,verified autonomous action
3432,16.7,29.4,verified autonomous action
3433,16.7,29.4,verified autonomous action
3434,16.7,29.4,verified autonomous action
3435,16.7,29.4,verified autonomous action
3436,16.7,29.4,verified autonomous action
3437,16.7,29.4,verified autonomous action
3438,16.7,29.4,verified autonomous action
3439,16.7,29.4,verified autonomous action
3440,16.7,29.4,verified autonomous action
3441,16.7,29.4,verified autonomous action
3442,16.7,29.4,verified autonomous action
3443,16.7,29.4,verified autonomous action
3444,16.7,29.4,verified autonomous action
3445,16.7,29.4,verified autonomous action
3446,16.7,29.4,verified autonomous action
3447,16.7,29.4,verified autonomous action
3448,16.7,29.4,verified autonomous action
3449,16.7,29.4,verified autonomous action
3450,16.7,29.4,verified autonomous action
3451,16.7,29.4,verified autonomous action
3452,16.7,29.4,verified autonomous action
3453,16.7,29.4,verified autonomous action
3454,16.7,29.4,verified autonomous action
3455,16.7,29.4,verified autonomous action
3456,16.7,29.4,verified autonomous action
3457,16.7,29.4,verified autonomous action
3458,16.7,29.4,verified autonomous action
3459,16.7,29.4,verified autonomous action
3460,16.7,29.4,verified autonomous action
3461,16.7,29.4,verified autonomous action
3462,16.7,29.4,verified autonomous action
3463,16.7,29.4,verified autonomous action
3464,16.7,29.4,verified autonomous action
3465,16.7,29.4,verified autonomous action
3466,16.7,29.4,verified autonomous action
3467,16.7,29.4,verified autonomous action
3468,16.7,29.4,verified autonomous action
3469,16.7,29.4,verified autonomous action
3470,16.7,29.4,verified autonomous action
3471,16.7,29.4,verified autonomous action
3472,16.7,29.4,verified autonomous action
3473,16.7,29.4,verified autonomous action
3474,16.7,29.4,verified autonomous action
3475,16.7,29.4,verified autonomous action
3476,16.7,29.4,verified autonomous action
3477,16.7,29.4,verified autonomous action
3478,16.7,29.4,verified autonomous action
3479,22.0,24.0,verified autonomous action
3480,22.0,24.0,verified autonomous action
3481,22.0,24.0,verified autonomous action
3482,22.0,24.0,verified autonomous action
3483,22.0,24.0,verified autonomous action
3484,22.0,24.0,verified autonomous action
3485,22.0,24.0,verified autonomous action
3486,22.0,24.0,verified autonomous action
3487,22.0,24.0,verified autonomous action
3488,22.0,24.0,verified autonomous action
3489,22.0,24.0,verified autonomous action
3490,22.0,24.0,verified autonomous action
3491,22.0,24.0,verified autonomous action
3492,22.0,24.0,verified autonomous action
3493,16.7,29.4,verified autonomous action
3494,16.7,29.4,verified autonomous action
3495,16.7,29.4,verified autonomous action
3496,16.7,29.4,verified autonomous action
3497,16.7,29.4,verified autonomous action
3498,16.7,29.4,verified autonomous action
3499,16.7,29.4,verified autonomous action
3500,16.7,29.4,verified autonomous action
3501,16.7,29.4,verified autonomous action
3502,16.7,29.4,verified autonomous action
3503,16.7,29.4,verified autonomous action
3504,22.0,24.0,verified autonomous action
3505,22.0,24.0,verified autonomous action
3506,22.0,24.0,verified autonomous action
3507,22.0,24.0,verified autonomous action
3508,22.0,24.0,verified autonomous action
3509,22.0,24.0,verified autonomous action
3510,22.0,24.0,verified autonomous action
3511,22.0,24.0,verified autonomous action
3512,22.0,24.0,verified autonomous action
3513,22.0,24.0,verified autonomous action
3514,22.0,24.0,verified autonomous action
3515,22.0,24.0,verified autonomous action
3516,22.0,24.0,verified autonomous action
3517,22.0,24.0,verified autonomous action
3518,16.7,29.4,verified autonomous action
3519,16.7,29.4,verified autonomous action
3520,16.7,29.4,verified autonomous action
3521,16.7,29.4,verified autonomous action
3522,16.7,29.4,verified autonomous action
3523,16.7,29.4,verified autonomous action
3524,16.7,29.4,verified autonomous action
3525,16.7,29.4,verified autonomous action
3526,16.7,29.4,verified autonomous action
3527,16.7,29.4,verified autonomous action
3528,22.0,24.0,verified autonomous action
3529,22.0,24.0,verified autonomous action
3530,22.0,24.0,verified autonomous action
3531,22.0,24.0,verified autonomous action
3532,22.0,24.0,verified autonomous action
3533,22.0,24.0,verified autonomous action
3534,22.0,24.0,verified autonomous action
3535,22.0,24.0,verified autonomous action
3536,22.0,24.0,verified autonomous action
3537,22.0,24.0,verified autonomous action
3538,22.0,24.0,verified autonomous action
3539,22.0,24.0,verified autonomous action
3540,22.0,24.0,verified autonomous action
3541,22.0,24.0,verified autonomous action
3542,16.7,29.4,verified autonomous action
3543,16.7,29.4,verified autonomous action
3544,16.7,29.4,verified autonomous action
3545,16.7,29.4,verified autonomous action
3546,16.7,29.4,verified autonomous action
3547,16.7,29.4,verified autonomous action
3548,16.7,29.4,verified autonomous action
3549,16.7,29.4,verified autonomous action
3550,16.7,29.4,verified autonomous action
3551,16.7,29.4,verified autonomous action
3552,22.0,24.0,verified autonomous action
3553,22.0,24.0,verified autonomous action
3554,22.0,24.0,verified autonomous action
3555,22.0,24.0,verified autonomous action
3556,22.0,24.0,verified autonomous action
3557,22.0,24.0,verified autonomous action
3558,22.0,24.0,verified autonomous action
3559,22.0,24.0,verified autonomous action
3560,22.0,24.0,verified autonomous action
3561,22.0,24.0,verified autonomous action
3562,22.0,24.0,verified autonomous action
3563,22.0,24.0,verified autonomous action
3564,22.0,24.0,verified autonomous action
3565,22.0,24.0,verified autonomous action
3566,16.7,29.4,verified autonomous action
3567,16.7,29.4,verified autonomous action
3568,16.7,29.4,verified autonomous action
3569,16.7,29.4,verified autonomous action
3570,16.7,29.4,verified autonomous action
3571,16.7,29.4,verified autonomous action
3572,16.7,29.4,verified autonomous action
3573,16.7,29.4,verified autonomous action
3574,16.7,29.4,verified autonomous action
3575,16.7,29.4,verified autonomous action
3576,22.0,24.0,verified autonomous action
3577,22.0,24.0,verified autonomous action
3578,22.0,24.0,verified autonomous action
3579,22.0,24.0,verified autonomous action
3580,22.0,24.0,verified autonomous action
3581,22.0,24.0,verified autonomous action
3582,22.0,24.0,verified autonomous action
3583,22.0,24.0,verified autonomous action
3584,22.0,24.0,verified autonomous action
3585,22.0,24.0,verified autonomous action
3586,22.0,24.0,verified autonomous action
3587,22.0,24.0,verified autonomous action
3588,22.0,24.0,verified autonomous action
3589,22.0,24.0,verified autonomous action
3590,16.7,29.4,verified autonomous action
3591,16.7,29.4,verified autonomous action
3592,16.7,29.4,verified autonomous action
3593,16.7,29.4,verified autonomous action
3594,16.7,29.4,verified autonomous action
3595,16.7,29.4,verified autonomous action
3596,16.7,29.4,verified autonomous action
3597,16.7,29.4,verified autonomous action
3598,16.7,29.4,verified autonomous action
3599,16.7,29.4,verified autonomous action
3600,16.7,29.4,verified autonomous action
3601,16.7,29.4,verified autonomous action
3602,16.7,29.4,verified autonomous action
3603,16.7,29.4,verified autonomous action
3604,16.7,29.4,verified autonomous action
3605,16.7,29.4,verified autonomous action
3606,16.7,29.4,verified autonomous action
3607,16.7,29.4,verified autonomous action
3608,16.7,29.4,verified autonomous action
3609,16.7,29.4,verified autonomous action
3610,16.7,29.4,verified autonomous action
3611,16.7,29.4,verified autonomous action
3612,16.7,29.4,verified autonomous action
3613,16.7,29.4,verified autonomous action
3614,16.7,29.4,verified autonomous action
3615,16.7,29.4,verified autonomous action
3616,16.7,29.4,verified autonomous action
3617,16.7,29.4,verified autonomous action
3618,16.7,29.4,verified autonomous action
3619,16.7,29.4,verified autonomous action
3620,16.7,29.4,verified autonomous action
3621,16.7,29.4,verified autonomous action
3622,16.7,29.4,verified autonomous action
3623,16.7,29.4,verified autonomous action
3624,16.7,29.4,verified autonomous action
3625,16.7,29.4,verified autonomous action
3626,16.7,29.4,verified autonomous action
3627,16.7,29.4,verified autonomous action
3628,16.7,29.4,verified autonomous action
3629,16.7,29.4,verified autonomous action
3630,16.7,29.4,verified autonomous action
3631,16.7,29.4,verified autonomous action
3632,16.7,29.4,verified autonomous action
3633,16.7,29.4,verified autonomous action
3634,16.7,29.4,verified autonomous action
3635,16.7,29.4,verified autonomous action
3636,16.7,29.4,verified autonomous action
3637,16.7,29.4,verified autonomous action
3638,16.7,29.4,verified autonomous action
3639,16.7,29.4,verified autonomous action
3640,16.7,29.4,verified autonomous action
3641,16.7,29.4,verified autonomous action
3642,16.7,29.4,verified autonomous action
3643,16.7,29.4,verified autonomous action
3644,16.7,29.4,verified autonomous action
3645,16.7,29.4,verified autonomous action
3646,16.7,29.4,verified autonomous action
3647,16.7,29.4,verified autonomous action
3648,22.0,24.0,verified autonomous action
3649,22.0,24.0,verified autonomous action
3650,22.0,24.0,verified autonomous action
3651,22.0,24.0,verified autonomous action
3652,22.0,24.0,verified autonomous action
3653,22.0,24.0,verified autonomous action
3654,22.0,24.0,verified autonomous action
3655,22.0,24.0,verified autonomous action
3656,22.0,24.0,verified autonomous action
3657,22.0,24.0,verified autonomous action
3658,22.0,24.0,verified autonomous action
3659,22.0,24.0,verified autonomous action
3660,22.0,24.0,verified autonomous action
3661,22.0,24.0,verified autonomous action
3662,16.7,29.4,verified autonomous action
3663,16.7,29.4,verified autonomous action
3664,16.7,29.4,verified autonomous action
3665,16.7,29.4,verified autonomous action
3666,16.7,29.4,verified autonomous action
3667,16.7,29.4,verified autonomous action
3668,16.7,29.4,verified autonomous action
3669,16.7,29.4,verified autonomous action
3670,16.7,29.4,verified autonomous action
3671,16.7,29.4,verified autonomous action
3672,16.7,29.4,verified autonomous action
3673,22.0,24.0,verified autonomous action
3674,22.0,24.0,verified autonomous action
3675,22.0,24.0,verified autonomous action
3676,22.0,24.0,verified autonomous action
3677,22.0,24.0,verified autonomous action
3678,22.0,24.0,verified autonomous action
3679,22.0,24.0,verified autonomous action
3680,22.0,24.0,verified autonomous action
3681,22.0,24.0,verified autonomous action
3682,22.0,24.0,verified autonomous action
3683,22.0,24.0,verified autonomous action
3684,22.0,24.0,verified autonomous action
3685,22.0,24.0,verified autonomous action
3686,22.0,24.0,verified autonomous action
3687,16.7,29.4,verified autonomous action
3688,16.7,29.4,verified autonomous action
3689,16.7,29.4,verified autonomous action
3690,16.7,29.4,verified autonomous action
3691,16.7,29.4,verified autonomous action
3692,16.7,29.4,verified autonomous action
3693,16.7,29.4,verified autonomous action
3694,16.7,29.4,verified autonomous action
3695,16.7,29.4,verified autonomous action
3696,16.7,29.4,verified autonomous action
3697,22.0,24.0,verified autonomous action
3698,22.0,24.0,verified autonomous action
3699,22.0,24.0,verified autonomous action
3700,22.0,24.0,verified autonomous action
3701,22.0,24.0,verified autonomous action
3702,22.0,24.0,verified autonomous action
3703,22.0,24.0,verified autonomous action
3704,22.0,24.0,verified autonomous action
3705,22.0,24.0,verified autonomous action
3706,22.0,24.0,verified autonomous action
3707,22.0,24.0,verified autonomous action
3708,22.0,24.0,verified autonomous action
3709,22.0,24.0,verified autonomous action
3710,22.0,24.0,verified autonomous action
3711,16.7,29.4,verified autonomous action
3712,16.7,29.4,verified autonomous action
3713,16.7,29.4,verified autonomous action
3714,16.7,29.4,verified autonomous action
3715,16.7,29.4,verified autonomous action
3716,16.7,29.4,verified autonomous action
3717,16.7,29.4,verified autonomous action
3718,16.7,29.4,verified autonomous action
3719,16.7,29.4,verified autonomous action
3720,16.7,29.4,verified autonomous action
3721,22.0,24.0,verified autonomous action
3722,22.0,24.0,verified autonomous action
3723,22.0,24.0,verified autonomous action
3724,22.0,24.0,verified autonomous action
3725,22.0,24.0,verified autonomous action
3726,22.0,24.0,verified autonomous action
3727,22.0,24.0,verified autonomous action
3728,22.0,24.0,verified autonomous action
3729,22.0,24.0,verified autonomous action
3730,22.0,24.0,verified autonomous action
3731,22.0,24.0,verified autonomous action
3732,22.0,24.0,verified autonomous action
3733,22.0,24.0,verified autonomous action
3734,22.0,24.0,verified autonomous action
3735,16.7,29.4,verified autonomous action
3736,16.7,29.4,verified autonomous action
3737,16.7,29.4,verified autonomous action
3738,16.7,29.4,verified autonomous action
3739,16.7,29.4,verified autonomous action
3740,16.7,29.4,verified autonomous action
3741,16.7,29.4,verified autonomous action
3742,16.7,29.4,verified autonomous action
3743,16.7,29.4,verified autonomous action
3744,16.7,29.4,verified autonomous action
3745,22.0,24.0,verified autonomous action
3746,22.0,24.0,verified autonomous action
3747,22.0,24.0,verified autonomous action
3748,22.0,24.0,verified autonomous action
3749,22.0,24.0,verified autonomous action
3750,22.0,24.0,verified autonomous action
3751,22.0,24.0,verified autonomous action
3752,22.0,24.0,verified autonomous action
3753,22.0,24.0,verified autonomous action
3754,22.0,24.0,verified autonomous action
3755,22.0,24.0,verified autonomous action
3756,22.0,24.0,verified autonomous action
3757,22.0,24.0,verified autonomous action
3758,22.0,24.0,verified autonomous action
3759,16.7,29.4,verified autonomous action
3760,16.7,29.4,verified autonomous action
3761,16.7,29.4,verified autonomous action
3762,16.7,29.4,verified autonomous action
3763,16.7,29.4,verified autonomous action
3764,16.7,29.4,verified autonomous action
3765,16.7,29.4,verified autonomous action
3766,16.7,29.4,verified autonomous action
3767,16.7,29.4,verified autonomous action
3768,16.7,29.4,verified autonomous action
3769,16.7,29.4,verified autonomous action
3770,16.7,29.4,verified autonomous action
3771,16.7,29.4,verified autonomous action
3772,16.7,29.4,verified autonomous action
3773,16.7,29.4,verified autonomous action
3774,16.7,29.4,verified autonomous action
3775,16.7,29.4,verified autonomous action
3776,16.7,29.4,verified autonomous action
3777,16.7,29.4,verified autonomous action
3778,16.7,29.4,verified autonomous action
3779,16.7,29.4,verified autonomous action
3780,16.7,29.4,verified autonomous action
3781,16.7,29.4,verified autonomous action
3782,16.7,29.4,verified autonomous action
3783,16.7,29.4,verified autonomous action
3784,16.7,29.4,verified autonomous action
3785,16.7,29.4,verified autonomous action
3786,16.7,29.4,verified autonomous action
3787,16.7,29.4,verified autonomous action
3788,16.7,29.4,verified autonomous action
3789,16.7,29.4,verified autonomous action
3790,16.7,29.4,verified autonomous action
3791,16.7,29.4,verified autonomous action
3792,16.7,29.4,verified autonomous action
3793,16.7,29.4,verified autonomous action
3794,16.7,29.4,verified autonomous action
3795,16.7,29.4,verified autonomous action
3796,16.7,29.4,verified autonomous action
3797,16.7,29.4,verified autonomous action
3798,16.7,29.4,verified autonomous action
3799,16.7,29.4,verified autonomous action
3800,16.7,29.4,verified autonomous action
3801,16.7,29.4,verified autonomous action
3802,16.7,29.4,verified autonomous action
3803,16.7,29.4,verified autonomous action
3804,16.7,29.4,verified autonomous action
3805,16.7,29.4,verified autonomous action
3806,16.7,29.4,verified autonomous action
3807,16.7,29.4,verified autonomous action
3808,16.7,29.4,verified autonomous action
3809,16.7,29.4,verified autonomous action
3810,16.7,29.4,verified autonomous action
3811,16.7,29.4,verified autonomous action
3812,16.7,29.4,verified autonomous action
3813,16.7,29.4,verified autonomous action
3814,16.7,29.4,verified autonomous action
3815,16.7,29.4,verified autonomous action
3816,16.7,29.4,verified autonomous action
3817,22.0,24.0,verified autonomous action
3818,22.0,24.0,verified autonomous action
3819,22.0,24.0,verified autonomous action
3820,22.0,24.0,verified autonomous action
3821,22.0,24.0,verified autonomous action
3822,22.0,24.0,verified autonomous action
3823,22.0,24.0,verified autonomous action
3824,22.0,24.0,verified autonomous action
3825,22.0,24.0,verified autonomous action
3826,22.0,24.0,verified autonomous action
3827,22.0,24.0,verified autonomous action
3828,22.0,24.0,verified autonomous action
3829,22.0,24.0,verified autonomous action
3830,22.0,24.0,verified autonomous action
3831,16.7,29.4,verified autonomous action
3832,16.7,29.4,verified autonomous action
3833,16.7,29.4,verified autonomous action
3834,16.7,29.4,verified autonomous action
3835,16.7,29.4,verified autonomous action
3836,16.7,29.4,verified autonomous action
3837,16.7,29.4,verified autonomous action
3838,16.7,29.4,verified autonomous action
3839,16.7,29.4,verified autonomous action
3840,16.7,29.4,verified autonomous action
3841,16.7,29.4,verified autonomous action
3842,22.0,24.0,verified autonomous action
3843,22.0,24.0,verified autonomous action
3844,22.0,24.0,verified autonomous action
3845,22.0,24.0,verified autonomous action
3846,22.0,24.0,verified autonomous action
3847,22.0,24.0,verified autonomous action
3848,22.0,24.0,verified autonomous action
3849,22.0,24.0,verified autonomous action
3850,22.0,24.0,verified autonomous action
3851,22.0,24.0,verified autonomous action
3852,22.0,24.0,verified autonomous action
3853,22.0,24.0,verified autonomous action
3854,22.0,24.0,verified autonomous action
3855,22.0,24.0,verified autonomous action
3856,16.7,29.4,verified autonomous action
3857,16.7,29.4,verified autonomous action
3858,16.7,29.4,verified autonomous action
3859,16.7,29.4,verified autonomous action
3860,16.7,29.4,verified autonomous action
3861,16.7,29.4,verified autonomous action
3862,16.7,29.4,verified autonomous action
3863,16.7,29.4,verified autonomous action
3864,16.7,29.4,verified autonomous action
3865,16.7,29.4,verified autonomous action
3866,22.0,24.0,verified autonomous action
3867,22.0,24.0,verified autonomous action
3868,22.0,24.0,verified autonomous action
3869,22.0,24.0,verified autonomous action
3870,22.0,24.0,verified autonomous action
3871,22.0,24.0,verified autonomous action
3872,22.0,24.0,verified autonomous action
3873,22.0,24.0,verified autonomous action
3874,22.0,24.0,verified autonomous action
3875,22.0,24.0,verified autonomous action
3876,22.0,24.0,verified autonomous action
3877,22.0,24.0,verified autonomous action
3878,22.0,24.0,verified autonomous action
3879,22.0,24.0,verified autonomous action
3880,16.7,29.4,verified autonomous action
3881,16.7,29.4,verified autonomous action
3882,16.7,29.4,verified autonomous action
3883,16.7,29.4,verified autonomous action
3884,16.7,29.4,verified autonomous action
3885,16.7,29.4,verified autonomous action
3886,16.7,29.4,verified autonomous action
3887,16.7,29.4,verified autonomous action
3888,16.7,29.4,verified autonomous action
3889,16.7,29.4,verified autonomous action
3890,22.0,24.0,verified autonomous action
3891,22.0,24.0,verified autonomous action
3892,22.0,24.0,verified autonomous action
3893,22.0,24.0,verified autonomous action
3894,22.0,24.0,verified autonomous action
3895,22.0,24.0,verified autonomous action
3896,22.0,24.0,verified autonomous action
3897,22.0,24.0,verified autonomous action
3898,22.0,24.0,verified autonomous action
3899,22.0,24.0,verified autonomous action
3900,22.0,24.0,verified autonomous action
3901,22.0,24.0,verified autonomous action
3902,22.0,24.0,verified autonomous action
3903,22.0,24.0,verified autonomous action
3904,16.7,29.4,verified autonomous action
3905,16.7,29.4,verified autonomous action
3906,16.7,29.4,verified autonomous action
3907,16.7,29.4,verified autonomous action
3908,16.7,29.4,verified autonomous action
3909,16.7,29.4,verified autonomous action
3910,16.7,29.4,verified autonomous action
3911,16.7,29.4,verified autonomous action
3912,16.7,29.4,verified autonomous action
3913,16.7,29.4,verified autonomous action
3914,22.0,24.0,verified autonomous action
3915,22.0,24.0,verified autonomous action
3916,22.0,24.0,verified autonomous action
3917,22.0,24.0,verified autonomous action
3918,22.0,24.0,verified autonomous action
3919,22.0,24.0,verified autonomous action
3920,22.0,24.0,verified autonomous action
3921,22.0,24.0,verified autonomous action
3922,22.0,24.0,verified autonomous action
3923,22.0,24.0,verified autonomous action
3924,22.0,24.0,verified autonomous action
3925,22.0,24.0,verified autonomous action
3926,22.0,24.0,verified autonomous action
3927,22.0,24.0,verified autonomous action
3928,16.7,29.4,verified autonomous action
3929,16.7,29.4,verified autonomous action
3930,16.7,29.4,verified autonomous action
3931,16.7,29.4,verified autonomous action
3932,16.7,29.4,verified autonomous action
3933,16.7,29.4,verified autonomous action
3934,16.7,29.4,verified autonomous action
3935,16.7,29.4,verified autonomous action
3936,16.7,29.4,verified autonomous action
3937,16.7,29.4,verified autonomous action
3938,16.7,29.4,verified autonomous action
3939,16.7,29.4,verified autonomous action
3940,16.7,29.4,verified autonomous action
3941,16.7,29.4,verified autonomous action
3942,16.7,29.4,verified autonomous action
3943,16.7,29.4,verified autonomous action
3944,16.7,29.4,verified autonomous action
3945,16.7,29.4,verified autonomous action
3946,16.7,29.4,verified autonomous action
3947,16.7,29.4,verified autonomous action
3948,16.7,29.4,verified autonomous action
3949,16.7,29.4,verified autonomous action
3950,16.7,29.4,verified autonomous action
3951,16.7,29.4,verified autonomous action
3952,16.7,29.4,verified autonomous action
3953,16.7,29.4,verified autonomous action
3954,16.7,29.4,verified autonomous action
3955,16.7,29.4,verified autonomous action
3956,16.7,29.4,verified autonomous action
3957,16.7,29.4,verified autonomous action
3958,16.7,29.4,verified autonomous action
3959,16.7,29.4,verified autonomous action
3960,16.7,29.4,verified autonomous action
3961,16.7,29.4,verified autonomous action
3962,16.7,29.4,verified autonomous action
3963,16.7,29.4,verified autonomous action
3964,16.7,29.4,verified autonomous action
3965,16.7,29.4,verified autonomous action
3966,16.7,29.4,verified autonomous action
3967,16.7,29.4,verified autonomous action
3968,16.7,29.4,verified autonomous action
3969,16.7,29.4,verified autonomous action
3970,16.7,29.4,verified autonomous action
3971,16.7,29.4,verified autonomous action
3972,16.7,29.4,verified autonomous action
3973,16.7,29.4,verified autonomous action
3974,16.7,29.4,verified autonomous action
3975,16.7,29.4,verified autonomous action
3976,16.7,29.4,verified autonomous action
3977,16.7,29.4,verified autonomous action
3978,16.7,29.4,verified autonomous action
3979,16.7,29.4,verified autonomous action
3980,16.7,29.4,verified autonomous action
3981,16.7,29.4,verified autonomous action
3982,16.7,29.4,verified autonomous action
3983,16.7,29.4,verified autonomous action
3984,16.7,29.4,verified autonomous action
3985,16.7,29.4,verified autonomous action
3986,22.0,24.0,verified autonomous action
3987,22.0,24.0,verified autonomous action
3988,22.0,24.0,verified autonomous action
3989,22.0,24.0,verified autonomous action
3990,22.0,24.0,verified autonomous action
3991,22.0,24.0,verified autonomous action
3992,22.0,24.0,verified autonomous action
3993,22.0,24.0,verified autonomous action
3994,22.0,24.0,verified autonomous action
3995,22.0,24.0,verified autonomous action
3996,22.0,24.0,verified autonomous action
3997,22.0,24.0,verified autonomous action
3998,22.0,24.0,verified autonomous action
3999,22.0,24.0,verified autonomous action
4000,16.7,29.4,verified autonomous action
4001,16.7,29.4,verified autonomous action
4002,16.7,29.4,verified autonomous action
4003,16.7,29.4,verified autonomous action
4004,16.7,29.4,verified autonomous action
4005,16.7,29.4,verified autonomous action
4006,16.7,29.4,verified autonomous action
4007,16.7,29.4,verified autonomous action
4008,16.7,29.4,verified autonomous action
4009,16.7,29.4,verified autonomous action
4010,16.7,29.4,verified autonomous action
4011,22.0,24.0,verified autonomous action
4012,22.0,24.0,verified autonomous action
4013,22.0,24.0,verified autonomous action
4014,22.0,24.0,verified autonomous action
4015,22.0,24.0,verified autonomous action
4016,22.0,24.0,verified autonomous action
4017,22.0,24.0,verified autonomous action
4018,22.0,24.0,verified autonomous action
4019,22.0,24.0,verified autonomous action
4020,22.0,24.0,verified autonomous action
4021,22.0,24.0,verified autonomous action
4022,22.0,24.0,verified autonomous action
4023,22.0,24.0,verified autonomous action
4024,22.0,24.0,verified autonomous action
4025,16.7,29.4,verified autonomous action
4026,16.7,29.4,verified autonomous action
4027,16.7,29.4,verified autonomous action
4028,16.7,29.4,verified autonomous action
4029,16.7,29.4,verified autonomous action
4030,16.7,29.4,verified autonomous action
4031,16.7,29.4,verified autonomous action
4032,16.7,29.4,verified autonomous action
4033,16.7,29.4,verified autonomous action
4034,16.7,29.4,verified autonomous action
4035,22.0,24.0,verified autonomous action
4036,22.0,24.0,verified autonomous action
4037,22.0,24.0,verified autonomous action
4038,22.0,24.0,verified autonomous action
4039,22.0,24.0,verified autonomous action
4040,22.0,24.0,verified autonomous action
4041,22.0,24.0,verified autonomous action
4042,22.0,24.0,verified autonomous action
4043,22.0,24.0,verified autonomous action
4044,22.0,24.0,verified autonomous action
4045,22.0,24.0,verified autonomous action
4046,22.0,24.0,verified autonomous action
4047,22.0,24.0,verified autonomous action
4048,22.0,24.0,verified autonomous action
4049,16.7,29.4,verified autonomous action
4050,16.7,29.4,verified autonomous action
4051,16.7,29.4,verified autonomous action
4052,16.7,29.4,verified autonomous action
4053,16.7,29.4,verified autonomous action
4054,16.7,29.4,verified autonomous action
4055,16.7,29.4,verified autonomous action
4056,16.7,29.4,verified autonomous action
4057,16.7,29.4,verified autonomous action
4058,16.7,29.4,verified autonomous action
4059,22.0,24.0,verified autonomous action
4060,22.0,24.0,verified autonomous action
4061,22.0,24.0,verified autonomous action
4062,22.0,24.0,verified autonomous action
4063,22.0,24.0,verified autonomous action
4064,22.0,24.0,verified autonomous action
4065,22.0,24.0,verified autonomous action
4066,22.0,24.0,verified autonomous action
4067,22.0,24.0,verified autonomous action
4068,22.0,24.0,verified autonomous action
4069,22.0,24.0,verified autonomous action
4070,22.0,24.0,verified autonomous action
4071,22.0,24.0,verified autonomous action
4072,22.0,24.0,verified autonomous action
4073,16.7,29.4,verified autonomous action
4074,16.7,29.4,verified autonomous action
4075,16.7,29.4,verified autonomous action
4076,16.7,29.4,verified autonomous action
4077,16.7,29.4,verified autonomous action
4078,16.7,29.4,verified autonomous action
4079,16.7,29.4,verified autonomous action
4080,16.7,29.4,verified autonomous action
4081,16.7,29.4,verified autonomous action
4082,16.7,29.4,verified autonomous action
4083,22.0,24.0,verified autonomous action
4084,22.0,24.0,verified autonomous action
4085,22.0,24.0,verified autonomous action
4086,22.0,24.0,verified autonomous action
4087,22.0,24.0,verified autonomous action
4088,22.0,24.0,verified autonomous action
4089,22.0,24.0,verified autonomous action
4090,22.0,24.0,verified autonomous action
4091,22.0,24.0,verified autonomous action
4092,22.0,24.0,verified autonomous action
4093,22.0,24.0,verified autonomous action
4094,22.0,24.0,verified autonomous action
4095,22.0,24.0,verified autonomous action
4096,22.0,24.0,verified autonomous action
4097,16.7,29.4,verified autonomous action
4098,16.7,29.4,verified autonomous action
4099,16.7,29.4,verified autonomous action
4100,16.7,29.4,verified autonomous action
4101,16.7,29.4,verified autonomous action
4102,16.7,29.4,verified autonomous action
4103,16.7,29.4,verified autonomous action
4104,16.7,29.4,verified autonomous action
4105,16.7,29.4,verified autonomous action
4106,16.7,29.4,verified autonomous action
4107,16.7,29.4,verified autonomous action
4108,16.7,29.4,verified autonomous action
4109,16.7,29.4,verified autonomous action
4110,16.7,29.4,verified autonomous action
4111,16.7,29.4,verified autonomous action
4112,16.7,29.4,verified autonomous action
4113,16.7,29.4,verified autonomous action
4114,16.7,29.4,verified autonomous action
4115,16.7,29.4,verified autonomous action
4116,16.7,29.4,verified autonomous action
4117,16.7,29.4,verified autonomous action
4118,16.7,29.4,verified autonomous action
4119,16.7,29.4,verified autonomous action
4120,16.7,29.4,verified autonomous action
4121,16.7,29.4,verified autonomous action
4122,16.7,29.4,verified autonomous action
4123,16.7,29.4,verified autonomous action
4124,16.7,29.4,verified autonomous action
4125,16.7,29.4,verified autonomous action
4126,16.7,29.4,verified autonomous action
4127,16.7,29.4,verified autonomous action
4128,16.7,29.4,verified autonomous action
4129,16.7,29.4,verified autonomous action
4130,16.7,29.4,verified autonomous action
4131,16.7,29.4,verified autonomous action
4132,16.7,29.4,verified autonomous action
4133,16.7,29.4,verified autonomous action
4134,16.7,29.4,verified autonomous action
4135,16.7,29.4,verified autonomous action
4136,16.7,29.4,verified autonomous action
4137,16.7,29.4,verified autonomous action
4138,16.7,29.4,verified autonomous action
4139,16.7,29.4,verified autonomous action
4140,16.7,29.4,verified autonomous action
4141,16.7,29.4,verified autonomous action
4142,16.7,29.4,verified autonomous action
4143,16.7,29.4,verified autonomous action
4144,16.7,29.4,verified autonomous action
4145,16.7,29.4,verified autonomous action
4146,16.7,29.4,verified autonomous action
4147,16.7,29.4,verified autonomous action
4148,16.7,29.4,verified autonomous action
4149,16.7,29.4,verified autonomous action
4150,16.7,29.4,verified autonomous action
4151,16.7,29.4,verified autonomous action
4152,16.7,29.4,verified autonomous action
4153,16.7,29.4,verified autonomous action
4154,16.7,29.4,verified autonomous action
4155,22.0,24.0,verified autonomous action
4156,22.0,24.0,verified autonomous action
4157,22.0,24.0,verified autonomous action
4158,22.0,24.0,verified autonomous action
4159,22.0,24.0,verified autonomous action
4160,22.0,24.0,verified autonomous action
4161,22.0,24.0,verified autonomous action
4162,22.0,24.0,verified autonomous action
4163,22.0,24.0,verified autonomous action
4164,22.0,24.0,verified autonomous action
4165,22.0,24.0,verified autonomous action
4166,22.0,24.0,verified autonomous action
4167,22.0,24.0,verified autonomous action
4168,22.0,24.0,verified autonomous action
4169,16.7,29.4,verified autonomous action
4170,16.7,29.4,verified autonomous action
4171,16.7,29.4,verified autonomous action
4172,16.7,29.4,verified autonomous action
4173,16.7,29.4,verified autonomous action
4174,16.7,29.4,verified autonomous action
4175,16.7,29.4,verified autonomous action
4176,16.7,29.4,verified autonomous action
4177,16.7,29.4,verified autonomous action
4178,16.7,29.4,verified autonomous action
4179,16.7,29.4,verified autonomous action
4180,22.0,24.0,verified autonomous action
4181,22.0,24.0,verified autonomous action
4182,22.0,24.0,verified autonomous action
4183,22.0,24.0,verified autonomous action
4184,22.0,24.0,verified autonomous action
4185,22.0,24.0,verified autonomous action
4186,22.0,24.0,verified autonomous action
4187,22.0,24.0,verified autonomous action
4188,22.0,24.0,verified autonomous action
4189,22.0,24.0,verified autonomous action
4190,22.0,24.0,verified autonomous action
4191,22.0,24.0,verified autonomous action
4192,22.0,24.0,verified autonomous action
4193,22.0,24.0,verified autonomous action
4194,16.7,29.4,verified autonomous action
4195,16.7,29.4,verified autonomous action
4196,16.7,29.4,verified autonomous action
4197,16.7,29.4,verified autonomous action
4198,16.7,29.4,verified autonomous action
4199,16.7,29.4,verified autonomous action
4200,16.7,29.4,verified autonomous action
4201,16.7,29.4,verified autonomous action
4202,16.7,29.4,verified autonomous action
4203,16.7,29.4,verified autonomous action
4204,22.0,24.0,verified autonomous action
4205,22.0,24.0,verified autonomous action
4206,22.0,24.0,verified autonomous action
4207,22.0,24.0,verified autonomous action
4208,22.0,24.0,verified autonomous action
4209,22.0,24.0,verified autonomous action
4210,22.0,24.0,verified autonomous action
4211,22.0,24.0,verified autonomous action
4212,22.0,24.0,verified autonomous action
4213,22.0,24.0,verified autonomous action
4214,22.0,24.0,verified autonomous action
4215,22.0,24.0,verified autonomous action
4216,22.0,24.0,verified autonomous action
4217,22.0,24.0,verified autonomous action
4218,16.7,29.4,verified autonomous action
4219,16.7,29.4,verified autonomous action
4220,16.7,29.4,verified autonomous action
4221,16.7,29.4,verified autonomous action
4222,16.7,29.4,verified autonomous action
4223,16.7,29.4,verified autonomous action
4224,16.7,29.4,verified autonomous action
4225,16.7,29.4,verified autonomous action
4226,16.7,29.4,verified autonomous action
4227,16.7,29.4,verified autonomous action
4228,22.0,24.0,verified autonomous action
4229,22.0,24.0,verified autonomous action
4230,22.0,24.0,verified autonomous action
4231,22.0,24.0,verified autonomous action
4232,22.0,24.0,verified autonomous action
4233,22.0,24.0,verified autonomous action
4234,22.0,24.0,verified autonomous action
4235,22.0,24.0,verified autonomous action
4236,22.0,24.0,verified autonomous action
4237,22.0,24.0,verified autonomous action
4238,22.0,24.0,verified autonomous action
4239,22.0,24.0,verified autonomous action
4240,22.0,24.0,verified autonomous action
4241,22.0,24.0,verified autonomous action
4242,16.7,29.4,verified autonomous action
4243,16.7,29.4,verified autonomous action
4244,16.7,29.4,verified autonomous action
4245,16.7,29.4,verified autonomous action
4246,16.7,29.4,verified autonomous action
4247,16.7,29.4,verified autonomous action
4248,16.7,29.4,verified autonomous action
4249,16.7,29.4,verified autonomous action
4250,16.7,29.4,verified autonomous action
4251,16.7,29.4,verified autonomous action
4252,22.0,24.0,verified autonomous action
4253,22.0,24.0,verified autonomous action
4254,22.0,24.0,verified autonomous action
4255,22.0,24.0,verified autonomous action
4256,22.0,24.0,verified autonomous action
4257,22.0,24.0,verified autonomous action
4258,22.0,24.0,verified autonomous action
4259,22.0,24.0,verified autonomous action
4260,22.0,24.0,verified autonomous action
4261,22.0,24.0,verified autonomous action
4262,22.0,24.0,verified autonomous action
4263,22.0,24.0,verified autonomous action
4264,22.0,24.0,verified autonomous action
4265,22.0,24.0,verified autonomous action
4266,16.7,29.4,verified autonomous action
4267,16.7,29.4,verified autonomous action
4268,16.7,29.4,verified autonomous action
4269,16.7,29.4,verified autonomous action
4270,16.7,29.4,verified autonomous action
4271,16.7,29.4,verified autonomous action
4272,16.7,29.4,verified autonomous action
4273,16.7,29.4,verified autonomous action
4274,16.7,29.4,verified autonomous action
4275,16.7,29.4,verified autonomous action
4276,16.7,29.4,verified autonomous action
4277,16.7,29.4,verified autonomous action
4278,16.7,29.4,verified autonomous action
4279,16.7,29.4,verified autonomous action
4280,16.7,29.4,verified autonomous action
4281,16.7,29.4,verified autonomous action
4282,16.7,29.4,verified autonomous action
4283,16.7,29.4,verified autonomous action
4284,16.7,29.4,verified autonomous action
4285,16.7,29.4,verified autonomous action
4286,16.7,29.4,verified autonomous action
4287,16.7,29.4,verified autonomous action
4288,16.7,29.4,verified autonomous action
4289,16.7,29.4,verified autonomous action
4290,16.7,29.4,verified autonomous action
4291,16.7,29.4,verified autonomous action
4292,16.7,29.4,verified autonomous action
4293,16.7,29.4,verified autonomous action
4294,16.7,29.4,verified autonomous action
4295,16.7,29.4,verified autonomous action
4296,16.7,29.4,verified autonomous action
4297,16.7,29.4,verified autonomous action
4298,16.7,29.4,verified autonomous action
4299,16.7,29.4,verified autonomous action
4300,16.7,29.4,verified autonomous action
4301,16.7,29.4,verified autonomous action
4302,16.7,29.4,verified autonomous action
4303,16.7,29.4,verified autonomous action
4304,16.7,29.4,verified autonomous action
4305,16.7,29.4,verified autonomous action
4306,16.7,29.4,verified autonomous action
4307,16.7,29.4,verified autonomous action
4308,16.7,29.4,verified autonomous action
4309,16.7,29.4,verified autonomous action
4310,16.7,29.4,verified autonomous action
4311,16.7,29.4,verified autonomous action
4312,16.7,29.4,verified autonomous action
4313,16.7,29.4,verified autonomous action
4314,16.7,29.4,verified autonomous action
4315,16.7,29.4,verified autonomous action
4316,16.7,29.4,verified autonomous action
4317,16.7,29.4,verified autonomous action
4318,16.7,29.4,verified autonomous action
4319,16.7,29.4,verified autonomous action
4320,16.7,29.4,verified autonomous action
4321,16.7,29.4,verified autonomous action
4322,16.7,29.4,verified autonomous action
4323,16.7,29.4,verified autonomous action
4324,22.0,24.0,verified autonomous action
4325,22.0,24.0,verified autonomous action
4326,22.0,24.0,verified autonomous action
4327,22.0,24.0,verified autonomous action
4328,22.0,24.0,verified autonomous action
4329,22.0,24.0,verified autonomous action
4330,22.0,24.0,verified autonomous action
4331,22.0,24.0,verified autonomous action
4332,22.0,24.0,verified autonomous action
4333,22.0,24.0,verified autonomous action
4334,22.0,24.0,verified autonomous action
4335,22.0,24.0,verified autonomous action
4336,22.0,24.0,verified autonomous action
4337,22.0,24.0,verified autonomous action
4338,16.7,29.4,verified autonomous action
4339,16.7,29.4,verified autonomous action
4340,16.7,29.4,verified autonomous action
4341,16.7,29.4,verified autonomous action
4342,16.7,29.4,verified autonomous action
4343,16.7,29.4,verified autonomous action
4344,16.7,29.4,verified autonomous action
4345,16.7,29.4,verified autonomous action
4346,16.7,29.4,verified autonomous action
4347,16.7,29.4,verified autonomous action
4348,16.7,29.4,verified autonomous action
4349,22.0,24.0,verified autonomous action
4350,22.0,24.0,verified autonomous action
4351,22.0,24.0,verified autonomous action
4352,22.0,24.0,verified autonomous action
4353,22.0,24.0,verified autonomous action
4354,22.0,24.0,verified autonomous action
4355,22.0,24.0,verified autonomous action
4356,22.0,24.0,verified autonomous action
4357,22.0,24.0,verified autonomous action
4358,22.0,24.0,verified autonomous action
4359,22.0,24.0,verified autonomous action
4360,22.0,24.0,verified autonomous action
4361,22.0,24.0,verified autonomous action
4362,22.0,24.0,verified autonomous action
4363,16.7,29.4,verified autonomous action
4364,16.7,29.4,verified autonomous action
4365,16.7,29.4,verified autonomous action
4366,16.7,29.4,verified autonomous action
4367,16.7,29.4,verified autonomous action
4368,16.7,29.4,verified autonomous action
4369,16.7,29.4,verified autonomous action
4370,16.7,29.4,verified autonomous action
4371,16.7,29.4,verified autonomous action
4372,16.7,29.4,verified autonomous action
4373,22.0,24.0,verified autonomous action
4374,22.0,24.0,verified autonomous action
4375,22.0,24.0,verified autonomous action
4376,22.0,24.0,verified autonomous action
4377,22.0,24.0,verified autonomous action
4378,22.0,24.0,verified autonomous action
4379,22.0,24.0,verified autonomous action
4380,22.0,24.0,verified autonomous action
4381,22.0,24.0,verified autonomous action
4382,22.0,24.0,verified autonomous action
4383,22.0,24.0,verified autonomous action
4384,22.0,24.0,verified autonomous action
4385,22.0,24.0,verified autonomous action
4386,22.0,24.0,verified autonomous action
4387,16.7,29.4,verified autonomous action
4388,16.7,29.4,verified autonomous action
4389,16.7,29.4,verified autonomous action
4390,16.7,29.4,verified autonomous action
4391,16.7,29.4,verified autonomous action
4392,16.7,29.4,verified autonomous action
4393,16.7,29.4,verified autonomous action
4394,16.7,29.4,verified autonomous action
4395,16.7,29.4,verified autonomous action
4396,16.7,29.4,verified autonomous action
4397,22.0,24.0,verified autonomous action
4398,22.0,24.0,verified autonomous action
4399,22.0,24.0,verified autonomous action
4400,22.0,24.0,verified autonomous action
4401,22.0,24.0,verified autonomous action
4402,22.0,24.0,verified autonomous action
4403,22.0,24.0,verified autonomous action
4404,22.0,24.0,verified autonomous action
4405,22.0,24.0,verified autonomous action
4406,22.0,24.0,verified autonomous action
4407,22.0,24.0,verified autonomous action
4408,22.0,24.0,verified autonomous action
4409,22.0,24.0,verified autonomous action
4410,22.0,24.0,verified autonomous action
4411,16.7,29.4,verified autonomous action
4412,16.7,29.4,verified autonomous action
4413,16.7,29.4,verified autonomous action
4414,16.7,29.4,verified autonomous action
4415,16.7,29.4,verified autonomous action
4416,16.7,29.4,verified autonomous action
4417,16.7,29.4,verified autonomous action
4418,16.7,29.4,verified autonomous action
4419,16.7,29.4,verified autonomous action
4420,16.7,29.4,verified autonomous action
4421,22.0,24.0,verified autonomous action
4422,22.0,24.0,verified autonomous action
4423,22.0,24.0,verified autonomous action
4424,22.0,24.0,verified autonomous action
4425,22.0,24.0,verified autonomous action
4426,22.0,24.0,verified autonomous action
4427,22.0,24.0,verified autonomous action
4428,22.0,24.0,verified autonomous action
4429,22.0,24.0,verified autonomous action
4430,22.0,24.0,verified autonomous action
4431,22.0,24.0,verified autonomous action
4432,22.0,24.0,verified autonomous action
4433,22.0,24.0,verified autonomous action
4434,22.0,24.0,verified autonomous action
4435,16.7,29.4,verified autonomous action
4436,16.7,29.4,verified autonomous action
4437,16.7,29.4,verified autonomous action
4438,16.7,29.4,verified autonomous action
4439,16.7,29.4,verified autonomous action
4440,16.7,29.4,verified autonomous action
4441,16.7,29.4,verified autonomous action
4442,16.7,29.4,verified autonomous action
4443,16.7,29.4,verified autonomous action
4444,16.7,29.4,verified autonomous action
4445,16.7,29.4,verified autonomous action
4446,16.7,29.4,verified autonomous action
4447,16.7,29.4,verified autonomous action
4448,16.7,29.4,verified autonomous action
4449,16.7,29.4,verified autonomous action
4450,16.7,29.4,verified autonomous action
4451,16.7,29.4,verified autonomous action
4452,16.7,29.4,verified autonomous action
4453,16.7,29.4,verified autonomous action
4454,16.7,29.4,verified autonomous action
4455,16.7,29.4,verified autonomous action
4456,16.7,29.4,verified autonomous action
4457,16.7,29.4,verified autonomous action
4458,16.7,29.4,verified autonomous action
4459,16.7,29.4,verified autonomous action
4460,16.7,29.4,verified autonomous action
4461,16.7,29.4,verified autonomous action
4462,16.7,29.4,verified autonomous action
4463,16.7,29.4,verified autonomous action
4464,16.7,29.4,verified autonomous action
4465,16.7,29.4,verified autonomous action
4466,16.7,29.4,verified autonomous action
4467,16.7,29.4,verified autonomous action
4468,16.7,29.4,verified autonomous action
4469,16.7,29.4,verified autonomous action
4470,16.7,29.4,verified autonomous action
4471,16.7,29.4,verified autonomous action
4472,16.7,29.4,verified autonomous action
4473,16.7,29.4,verified autonomous action
4474,16.7,29.4,verified autonomous action
4475,16.7,29.4,verified autonomous action
4476,16.7,29.4,verified autonomous action
4477,16.7,29.4,verified autonomous action
4478,16.7,29.4,verified autonomous action
4479,16.7,29.4,verified autonomous action
4480,16.7,29.4,verified autonomous action
4481,16.7,29.4,verified autonomous action
4482,16.7,29.4,verified autonomous action
4483,16.7,29.4,verified autonomous action
4484,16.7,29.4,verified autonomous action
4485,16.7,29.4,verified autonomous action
4486,16.7,29.4,verified autonomous action
4487,16.7,29.4,verified autonomous action
4488,16.7,29.4,verified autonomous action
4489,16.7,29.4,verified autonomous action
4490,16.7,29.4,verified autonomous action
4491,16.7,29.4,verified autonomous action
4492,16.7,29.4,verified autonomous action
4493,22.0,24.0,verified autonomous action
4494,22.0,24.0,verified autonomous action
4495,22.0,24.0,verified autonomous action
4496,22.0,24.0,verified autonomous action
4497,22.0,24.0,verified autonomous action
4498,22.0,24.0,verified autonomous action
4499,22.0,24.0,verified autonomous action
4500,22.0,24.0,verified autonomous action
4501,22.0,24.0,verified autonomous action
4502,22.0,24.0,verified autonomous action
4503,22.0,24.0,verified autonomous action
4504,22.0,24.0,verified autonomous action
4505,22.0,24.0,verified autonomous action
4506,22.0,24.0,verified autonomous action
4507,16.7,29.4,verified autonomous action
4508,16.7,29.4,verified autonomous action
4509,16.7,29.4,verified autonomous action
4510,16.7,29.4,verified autonomous action
4511,16.7,29.4,verified autonomous action
4512,16.7,29.4,verified autonomous action
4513,16.7,29.4,verified autonomous action
4514,16.7,29.4,verified autonomous action
4515,16.7,29.4,verified autonomous action
4516,16.7,29.4,verified autonomous action
4517,16.7,29.4,verified autonomous action
4518,22.0,24.0,verified autonomous action
4519,22.0,24.0,verified autonomous action
4520,22.0,24.0,verified autonomous action
4521,22.0,24.0,verified autonomous action
4522,22.0,24.0,verified autonomous action
4523,22.0,24.0,verified autonomous action
4524,22.0,24.0,verified autonomous action
4525,22.0,24.0,verified autonomous action
4526,22.0,24.0,verified autonomous action
4527,22.0,24.0,verified autonomous action
4528,22.0,24.0,verified autonomous action
4529,22.0,24.0,verified autonomous action
4530,22.0,24.0,verified autonomous action
4531,22.0,24.0,verified autonomous action
4532,16.7,29.4,verified autonomous action
4533,16.7,29.4,verified autonomous action
4534,16.7,29.4,verified autonomous action
4535,16.7,29.4,verified autonomous action
4536,16.7,29.4,verified autonomous action
4537,16.7,29.4,verified autonomous action
4538,16.7,29.4,verified autonomous action
4539,16.7,29.4,verified autonomous action
4540,16.7,29.4,verified autonomous action
4541,16.7,29.4,verified autonomous action
4542,22.0,24.0,verified autonomous action
4543,22.0,24.0,verified autonomous action
4544,22.0,24.0,verified autonomous action
4545,22.0,24.0,verified autonomous action
4546,22.0,24.0,verified autonomous action
4547,22.0,24.0,verified autonomous action
4548,22.0,24.0,verified autonomous action
4549,22.0,24.0,verified autonomous action
4550,22.0,24.0,verified autonomous action
4551,22.0,24.0,verified autonomous action
4552,22.0,24.0,verified autonomous action
4553,22.0,24.0,verified autonomous action
4554,22.0,24.0,verified autonomous action
4555,22.0,24.0,verified autonomous action
4556,16.7,29.4,verified autonomous action
4557,16.7,29.4,verified autonomous action
4558,16.7,29.4,verified autonomous action
4559,16.7,29.4,verified autonomous action
4560,16.7,29.4,verified autonomous action
4561,16.7,29.4,verified autonomous action
4562,16.7,29.4,verified autonomous action
4563,16.7,29.4,verified autonomous action
4564,16.7,29.4,verified autonomous action
4565,16.7,29.4,verified autonomous action
4566,22.0,24.0,verified autonomous action
4567,22.0,24.0,verified autonomous action
4568,22.0,24.0,verified autonomous action
4569,22.0,24.0,verified autonomous action
4570,22.0,24.0,verified autonomous action
4571,22.0,24.0,verified autonomous action
4572,22.0,24.0,verified autonomous action
4573,22.0,24.0,verified autonomous action
4574,22.0,24.0,verified autonomous action
4575,22.0,24.0,verified autonomous action
4576,22.0,24.0,verified autonomous action
4577,22.0,24.0,verified autonomous action
4578,22.0,24.0,verified autonomous action
4579,22.0,24.0,verified autonomous action
4580,16.7,29.4,verified autonomous action
4581,16.7,29.4,verified autonomous action
4582,16.7,29.4,verified autonomous action
4583,16.7,29.4,verified autonomous action
4584,16.7,29.4,verified autonomous action
4585,16.7,29.4,verified autonomous action
4586,16.7,29.4,verified autonomous action
4587,16.7,29.4,verified autonomous action
4588,16.7,29.4,verified autonomous action
4589,16.7,29.4,verified autonomous action
4590,22.0,24.0,verified autonomous action
4591,22.0,24.0,verified autonomous action
4592,22.0,24.0,verified autonomous action
4593,22.0,24.0,verified autonomous action
4594,22.0,24.0,verified autonomous action
4595,22.0,24.0,verified autonomous action
4596,22.0,24.0,verified autonomous action
4597,22.0,24.0,verified autonomous action
4598,22.0,24.0,verified autonomous action
4599,22.0,24.0,verified autonomous action
4600,22.0,24.0,verified autonomous action
4601,22.0,24.0,verified autonomous action
4602,22.0,24.0,verified autonomous action
4603,22.0,24.0,verified autonomous action
4604,16.7,29.4,verified autonomous action
4605,16.7,29.4,verified autonomous action
4606,16.7,29.4,verified autonomous action
4607,16.7,29.4,verified autonomous action
4608,16.7,29.4,verified autonomous action
4609,16.7,29.4,verified autonomous action
4610,16.7,29.4,verified autonomous action
4611,16.7,29.4,verified autonomous action
4612,16.7,29.4,verified autonomous action
4613,16.7,29.4,verified autonomous action
4614,16.7,29.4,verified autonomous action
4615,16.7,29.4,verified autonomous action
4616,16.7,29.4,verified autonomous action
4617,16.7,29.4,verified autonomous action
4618,16.7,29.4,verified autonomous action
4619,16.7,29.4,verified autonomous action
4620,16.7,29.4,verified autonomous action
4621,16.7,29.4,verified autonomous action
4622,16.7,29.4,verified autonomous action
4623,16.7,29.4,verified autonomous action
4624,16.7,29.4,verified autonomous action
4625,16.7,29.4,verified autonomous action
4626,16.7,29.4,verified autonomous action
4627,16.7,29.4,verified autonomous action
4628,16.7,29.4,verified autonomous action
4629,16.7,29.4,verified autonomous action
4630,16.7,29.4,verified autonomous action
4631,16.7,29.4,verified autonomous action
4632,16.7,29.4,verified autonomous action
4633,16.7,29.4,verified autonomous action
4634,16.7,29.4,verified autonomous action
4635,16.7,29.4,verified autonomous action
4636,16.7,29.4,verified autonomous action
4637,16.7,29.4,verified autonomous action
4638,16.7,29.4,verified autonomous action
4639,16.7,29.4,verified autonomous action
4640,16.7,29.4,verified autonomous action
4641,16.7,29.4,verified autonomous action
4642,16.7,29.4,verified autonomous action
4643,16.7,29.4,verified autonomous action
4644,16.7,29.4,verified autonomous action
4645,16.7,29.4,verified autonomous action
4646,16.7,29.4,verified autonomous action
4647,16.7,29.4,verified autonomous action
4648,16.7,29.4,verified autonomous action
4649,16.7,29.4,verified autonomous action
4650,16.7,29.4,verified autonomous action
4651,16.7,29.4,verified autonomous action
4652,16.7,29.4,verified autonomous action
4653,16.7,29.4,verified autonomous action
4654,16.7,29.4,verified autonomous action
4655,16.7,29.4,verified autonomous action
4656,16.7,29.4,verified autonomous action
4657,16.7,29.4,verified autonomous action
4658,16.7,29.4,verified autonomous action
4659,16.7,29.4,verified autonomous action
4660,16.7,29.4,verified autonomous action
4661,16.7,29.4,verified autonomous action
4662,22.0,24.0,verified autonomous action
4663,22.0,24.0,verified autonomous action
4664,22.0,24.0,verified autonomous action
4665,22.0,24.0,verified autonomous action
4666,22.0,24.0,verified autonomous action
4667,22.0,24.0,verified autonomous action
4668,22.0,24.0,verified autonomous action
4669,22.0,24.0,verified autonomous action
4670,22.0,24.0,verified autonomous action
4671,22.0,24.0,verified autonomous action
4672,22.0,24.0,verified autonomous action
4673,22.0,24.0,verified autonomous action
4674,22.0,24.0,verified autonomous action
4675,22.0,24.0,verified autonomous action
4676,16.7,29.4,verified autonomous action
4677,16.7,29.4,verified autonomous action
4678,16.7,29.4,verified autonomous action
4679,16.7,29.4,verified autonomous action
4680,16.7,29.4,verified autonomous action
4681,16.7,29.4,verified autonomous action
4682,16.7,29.4,verified autonomous action
4683,16.7,29.4,verified autonomous action
4684,16.7,29.4,verified autonomous action
4685,16.7,29.4,verified autonomous action
4686,16.7,29.4,verified autonomous action
4687,22.0,24.0,verified autonomous action
4688,22.0,24.0,verified autonomous action
4689,22.0,24.0,verified autonomous action
4690,22.0,24.0,verified autonomous action
4691,22.0,24.0,verified autonomous action
4692,22.0,24.0,verified autonomous action
4693,22.0,24.0,verified autonomous action
4694,22.0,24.0,verified autonomous action
4695,22.0,24.0,verified autonomous action
4696,22.0,24.0,verified autonomous action
4697,22.0,24.0,verified autonomous action
4698,22.0,24.0,verified autonomous action
4699,22.0,24.0,verified autonomous action
4700,22.0,24.0,verified autonomous action
4701,16.7,29.4,verified autonomous action
4702,16.7,29.4,verified autonomous action
4703,16.7,29.4,verified autonomous action
4704,16.7,29.4,verified autonomous action
4705,16.7,29.4,verified autonomous action
4706,16.7,29.4,verified autonomous action
4707,16.7,29.4,verified autonomous action
4708,16.7,29.4,verified autonomous action
4709,16.7,29.4,verified autonomous action
4710,16.7,29.4,verified autonomous action
4711,22.0,24.0,verified autonomous action
4712,22.0,24.0,verified autonomous action
4713,22.0,24.0,verified autonomous action
4714,22.0,24.0,verified autonomous action
4715,22.0,24.0,verified autonomous action
4716,22.0,24.0,verified autonomous action
4717,22.0,24.0,verified autonomous action
4718,22.0,24.0,verified autonomous action
4719,22.0,24.0,verified autonomous action
4720,22.0,24.0,verified autonomous action
4721,22.0,24.0,verified autonomous action
4722,22.0,24.0,verified autonomous action
4723,22.0,24.0,verified autonomous action
4724,22.0,24.0,verified autonomous action
4725,16.7,29.4,verified autonomous action
4726,16.7,29.4,verified autonomous action
4727,16.7,29.4,verified autonomous action
4728,16.7,29.4,verified autonomous action
4729,16.7,29.4,verified autonomous action
4730,16.7,29.4,verified autonomous action
4731,16.7,29.4,verified autonomous action
4732,16.7,29.4,verified autonomous action
4733,16.7,29.4,verified autonomous action
4734,16.7,29.4,verified autonomous action
4735,22.0,24.0,verified autonomous action
4736,22.0,24.0,verified autonomous action
4737,22.0,24.0,verified autonomous action
4738,22.0,24.0,verified autonomous action
4739,22.0,24.0,verified autonomous action
4740,22.0,24.0,verified autonomous action
4741,22.0,24.0,verified autonomous action
4742,22.0,24.0,verified autonomous action
4743,22.0,24.0,verified autonomous action
4744,22.0,24.0,verified autonomous action
4745,22.0,24.0,verified autonomous action
4746,22.0,24.0,verified autonomous action
4747,22.0,24.0,verified autonomous action
4748,22.0,24.0,verified autonomous action
4749,16.7,29.4,verified autonomous action
4750,16.7,29.4,verified autonomous action
4751,16.7,29.4,verified autonomous action
4752,16.7,29.4,verified autonomous action
4753,16.7,29.4,verified autonomous action
4754,16.7,29.4,verified autonomous action
4755,16.7,29.4,verified autonomous action
4756,16.7,29.4,verified autonomous action
4757,16.7,29.4,verified autonomous action
4758,16.7,29.4,verified autonomous action
4759,22.0,24.0,verified autonomous action
4760,22.0,24.0,verified autonomous action
4761,22.0,24.0,verified autonomous action
4762,22.0,24.0,verified autonomous action
4763,22.0,24.0,verified autonomous action
4764,22.0,24.0,verified autonomous action
4765,22.0,24.0,verified autonomous action
4766,22.0,24.0,verified autonomous action
4767,22.0,24.0,verified autonomous action
4768,22.0,24.0,verified autonomous action
4769,22.0,24.0,verified autonomous action
4770,22.0,24.0,verified autonomous action
4771,22.0,24.0,verified autonomous action
4772,22.0,24.0,verified autonomous action
4773,16.7,29.4,verified autonomous action
4774,16.7,29.4,verified autonomous action
4775,16.7,29.4,verified autonomous action
4776,16.7,29.4,verified autonomous action
4777,16.7,29.4,verified autonomous action
4778,16.7,29.4,verified autonomous action
4779,16.7,29.4,verified autonomous action
4780,16.7,29.4,verified autonomous action
4781,16.7,29.4,verified autonomous action
4782,16.7,29.4,verified autonomous action
4783,16.7,29.4,verified autonomous action
4784,16.7,29.4,verified autonomous action
4785,16.7,29.4,verified autonomous action
4786,16.7,29.4,verified autonomous action
4787,16.7,29.4,verified autonomous action
4788,16.7,29.4,verified autonomous action
4789,16.7,29.4,verified autonomous action
4790,16.7,29.4,verified autonomous action
4791,16.7,29.4,verified autonomous action
4792,16.7,29.4,verified autonomous action
4793,16.7,29.4,verified autonomous action
4794,16.7,29.4,verified autonomous action
4795,16.7,29.4,verified autonomous action
4796,16.7,29.4,verified autonomous action
4797,16.7,29.4,verified autonomous action
4798,16.7,29.4,verified autonomous action
4799,16.7,29.4,verified autonomous action
4800,16.7,29.4,verified autonomous action
4801,16.7,29.4,verified autonomous action
4802,16.7,29.4,verified autonomous action
4803,16.7,29.4,verified autonomous action
4804,16.7,29.4,verified autonomous action
4805,16.7,29.4,verified autonomous action
4806,16.7,29.4,verified autonomous action
4807,16.7,29.4,verified autonomous action
4808,16.7,29.4,verified autonomous action
4809,16.7,29.4,verified autonomous action
4810,16.7,29.4,verified autonomous action
4811,16.7,29.4,verified autonomous action
4812,16.7,29.4,verified autonomous action
4813,16.7,29.4,verified autonomous action
4814,16.7,29.4,verified autonomous action
4815,16.7,29.4,verified autonomous action
4816,16.7,29.4,verified autonomous action
4817,16.7,29.4,verified autonomous action
4818,16.7,29.4,verified autonomous action
4819,16.7,29.4,verified autonomous action
4820,16.7,29.4,verified autonomous action
4821,16.7,29.4,verified autonomous action
4822,16.7,29.4,verified autonomous action
4823,16.7,29.4,verified autonomous action
4824,16.7,29.4,verified autonomous action
4825,16.7,29.4,verified autonomous action
4826,16.7,29.4,verified autonomous action
4827,16.7,29.4,verified autonomous action
4828,16.7,29.4,verified autonomous action
4829,16.7,29.4,verified autonomous action
4830,16.7,29.4,verified autonomous action
4831,22.0,24.0,verified autonomous action
4832,22.0,24.0,verified autonomous action
4833,22.0,24.0,verified autonomous action
4834,22.0,24.0,verified autonomous action
4835,22.0,24.0,verified autonomous action
4836,22.0,24.0,verified autonomous action
4837,22.0,24.0,verified autonomous action
4838,22.0,24.0,verified autonomous action
4839,22.0,24.0,verified autonomous action
4840,22.0,24.0,verified autonomous action
4841,22.0,24.0,verified autonomous action
4842,22.0,24.0,verified autonomous action
4843,22.0,24.0,verified autonomous action
4844,22.0,24.0,verified autonomous action
4845,16.7,29.4,verified autonomous action
4846,16.7,29.4,verified autonomous action
4847,16.7,29.4,verified autonomous action
4848,16.7,29.4,verified autonomous action
4849,16.7,29.4,verified autonomous action
4850,16.7,29.4,verified autonomous action
4851,16.7,29.4,verified autonomous action
4852,16.7,29.4,verified autonomous action
4853,16.7,29.4,verified autonomous action
4854,16.7,29.4,verified autonomous action
4855,16.7,29.4,verified autonomous action
4856,22.0,24.0,verified autonomous action
4857,22.0,24.0,verified autonomous action
4858,22.0,24.0,verified autonomous action
4859,22.0,24.0,verified autonomous action
4860,22.0,24.0,verified autonomous action
4861,22.0,24.0,verified autonomous action
4862,22.0,24.0,verified autonomous action
4863,22.0,24.0,verified autonomous action
4864,22.0,24.0,verified autonomous action
4865,22.0,24.0,verified autonomous action
4866,22.0,24.0,verified autonomous action
4867,22.0,24.0,verified autonomous action
4868,22.0,24.0,verified autonomous action
4869,22.0,24.0,verified autonomous action
4870,16.7,29.4,verified autonomous action
4871,16.7,29.4,verified autonomous action
4872,16.7,29.4,verified autonomous action
4873,16.7,29.4,verified autonomous action
4874,16.7,29.4,verified autonomous action
4875,16.7,29.4,verified autonomous action
4876,16.7,29.4,verified autonomous action
4877,16.7,29.4,verified autonomous action
4878,16.7,29.4,verified autonomous action
4879,16.7,29.4,verified autonomous action
4880,22.0,24.0,verified autonomous action
4881,22.0,24.0,verified autonomous action
4882,22.0,24.0,verified autonomous action
4883,22.0,24.0,verified autonomous action
4884,22.0,24.0,verified autonomous action
4885,22.0,24.0,verified autonomous action
4886,22.0,24.0,verified autonomous action
4887,22.0,24.0,verified autonomous action
4888,22.0,24.0,verified autonomous action
4889,22.0,24.0,verified autonomous action
4890,22.0,24.0,verified autonomous action
4891,22.0,24.0,verified autonomous action
4892,22.0,24.0,verified autonomous action
4893,22.0,24.0,verified autonomous action
4894,16.7,29.4,verified autonomous action
4895,16.7,29.4,verified autonomous action
4896,16.7,29.4,verified autonomous action
4897,16.7,29.4,verified autonomous action
4898,16.7,29.4,verified autonomous action
4899,16.7,29.4,verified autonomous action
4900,16.7,29.4,verified autonomous action
4901,16.7,29.4,verified autonomous action
4902,16.7,29.4,verified autonomous action
4903,16.7,29.4,verified autonomous action
4904,22.0,24.0,verified autonomous action
4905,22.0,24.0,verified autonomous action
4906,22.0,24.0,verified autonomous action
4907,22.0,24.0,verified autonomous action
4908,22.0,24.0,verified autonomous action
4909,22.0,24.0,verified autonomous action
4910,22.0,24.0,verified autonomous action
4911,22.0,24.0,verified autonomous action
4912,22.0,24.0,verified autonomous action
4913,22.0,24.0,verified autonomous action
4914,22.0,24.0,verified autonomous action
4915,22.0,24.0,verified autonomous action
4916,22.0,24.0,verified autonomous action
4917,22.0,24.0,verified autonomous action
4918,16.7,29.4,verified autonomous action
4919,16.7,29.4,verified autonomous action
4920,16.7,29.4,verified autonomous action
4921,16.7,29.4,verified autonomous action
4922,16.7,29.4,verified autonomous action
4923,16.7,29.4,verified autonomous action
4924,16.7,29.4,verified autonomous action
4925,16.7,29.4,verified autonomous action
4926,16.7,29.4,verified autonomous action
4927,16.7,29.4,verified autonomous action
4928,22.0,24.0,verified autonomous action
4929,22.0,24.0,verified autonomous action
4930,22.0,24.0,verified autonomous action
4931,22.0,24.0,verified autonomous action
4932,22.0,24.0,verified autonomous action
4933,22.0,24.0,verified autonomous action
4934,22.0,24.0,verified autonomous action
4935,22.0,24.0,verified autonomous action
4936,22.0,24.0,verified autonomous action
4937,22.0,24.0,verified autonomous action
4938,22.0,24.0,verified autonomous action
4939,22.0,24.0,verified autonomous action
4940,22.0,24.0,verified autonomous action
4941,22.0,24.0,verified autonomous action
4942,16.7,29.4,verified autonomous action
4943,16.7,29.4,verified autonomous action
4944,16.7,29.4,verified autonomous action
4945,16.7,29.4,verified autonomous action
4946,16.7,29.4,verified autonomous action
4947,16.7,29.4,verified autonomous action
4948,16.7,29.4,verified autonomous action
4949,16.7,29.4,verified autonomous action
4950,16.7,29.4,verified autonomous action
4951,16.7,29.4,verified autonomous action
4952,16.7,29.4,verified autonomous action
4953,16.7,29.4,verified autonomous action
4954,16.7,29.4,verified autonomous action
4955,16.7,29.4,verified autonomous action
4956,16.7,29.4,verified autonomous action
4957,16.7,29.4,verified autonomous action
4958,16.7,29.4,verified autonomous action
4959,16.7,29.4,verified autonomous action
4960,16.7,29.4,verified autonomous action
4961,16.7,29.4,verified autonomous action
4962,16.7,29.4,verified autonomous action
4963,16.7,29.4,verified autonomous action
4964,16.7,29.4,verified autonomous action
4965,16.7,29.4,verified autonomous action
4966,16.7,29.4,verified autonomous action
4967,16.7,29.4,verified autonomous action
4968,16.7,29.4,verified autonomous action
4969,16.7,29.4,verified autonomous action
4970,16.7,29.4,verified autonomous action
4971,16.7,29.4,verified autonomous action
4972,16.7,29.4,verified autonomous action
4973,16.7,29.4,verified autonomous action
4974,16.7,29.4,verified autonomous action
4975,16.7,29.4,verified autonomous action
4976,16.7,29.4,verified autonomous action
4977,16.7,29.4,verified autonomous action
4978,16.7,29.4,verified autonomous action
4979,16.7,29.4,verified autonomous action
4980,16.7,29.4,verified autonomous action
4981,16.7,29.4,verified autonomous action
4982,16.7,29.4,verified autonomous action
4983,16.7,29.4,verified autonomous action
4984,16.7,29.4,verified autonomous action
4985,16.7,29.4,verified autonomous action
4986,16.7,29.4,verified autonomous action
4987,16.7,29.4,verified autonomous action
4988,16.7,29.4,verified autonomous action
4989,16.7,29.4,verified autonomous action
4990,16.7,29.4,verified autonomous action
4991,16.7,29.4,verified autonomous action
4992,16.7,29.4,verified autonomous action
4993,16.7,29.4,verified autonomous action
4994,16.7,29.4,verified autonomous action
4995,16.7,29.4,verified autonomous action
4996,16.7,29.4,verified autonomous action
4997,16.7,29.4,verified autonomous action
4998,16.7,29.4,verified autonomous action
4999,16.7,29.4,verified autonomous action
5000,22.0,24.0,verified autonomous action
5001,22.0,24.0,verified autonomous action
5002,22.0,24.0,verified autonomous action
5003,22.0,24.0,verified autonomous action
5004,22.0,24.0,verified autonomous action
5005,22.0,24.0,verified autonomous action
5006,22.0,24.0,verified autonomous action
5007,22.0,24.0,verified autonomous action
5008,22.0,24.0,verified autonomous action
5009,22.0,24.0,verified autonomous action
5010,22.0,24.0,verified autonomous action
5011,22.0,24.0,verified autonomous action
5012,22.0,24.0,verified autonomous action
5013,22.0,24.0,verified autonomous action
5014,16.7,29.4,verified autonomous action
5015,16.7,29.4,verified autonomous action
5016,16.7,29.4,verified autonomous action
5017,16.7,29.4,verified autonomous action
5018,16.7,29.4,verified autonomous action
5019,16.7,29.4,verified autonomous action
5020,16.7,29.4,verified autonomous action
5021,16.7,29.4,verified autonomous action
5022,16.7,29.4,verified autonomous action
5023,16.7,29.4,verified autonomous action
5024,16.7,29.4,verified autonomous action
5025,22.0,24.0,verified autonomous action
5026,22.0,24.0,verified autonomous action
5027,22.0,24.0,verified autonomous action
5028,22.0,24.0,verified autonomous action
5029,22.0,24.0,verified autonomous action
5030,22.0,24.0,verified autonomous action
5031,22.0,24.0,verified autonomous action
5032,22.0,24.0,verified autonomous action
5033,22.0,24.0,verified autonomous action
5034,22.0,24.0,verified autonomous action
5035,22.0,24.0,verified autonomous action
5036,22.0,24.0,verified autonomous action
5037,22.0,24.0,verified autonomous action
5038,22.0,24.0,verified autonomous action
5039,16.7,29.4,verified autonomous action
5040,16.7,29.4,verified autonomous action
5041,16.7,29.4,verified autonomous action
5042,16.7,29.4,verified autonomous action
5043,16.7,29.4,verified autonomous action
5044,16.7,29.4,verified autonomous action
5045,16.7,29.4,verified autonomous action
5046,16.7,29.4,verified autonomous action
5047,16.7,29.4,verified autonomous action
5048,16.7,29.4,verified autonomous action
5049,22.0,24.0,verified autonomous action
5050,22.0,24.0,verified autonomous action
5051,22.0,24.0,verified autonomous action
5052,22.0,24.0,verified autonomous action
5053,22.0,24.0,verified autonomous action
5054,22.0,24.0,verified autonomous action
5055,22.0,24.0,verified autonomous action
5056,22.0,24.0,verified autonomous action
5057,22.0,24.0,verified autonomous action
5058,22.0,24.0,verified autonomous action
5059,22.0,24.0,verified autonomous action
5060,22.0,24.0,verified autonomous action
5061,22.0,24.0,verified autonomous action
5062,22.0,24.0,verified autonomous action
5063,16.7,29.4,verified autonomous action
5064,16.7,29.4,verified autonomous action
5065,16.7,29.4,verified autonomous action
5066,16.7,29.4,verified autonomous action
5067,16.7,29.4,verified autonomous action
5068,16.7,29.4,verified autonomous action
5069,16.7,29.4,verified autonomous action
5070,16.7,29.4,verified autonomous action
5071,16.7,29.4,verified autonomous action
5072,16.7,29.4,verified autonomous action
5073,22.0,24.0,verified autonomous action
5074,22.0,24.0,verified autonomous action
5075,22.0,24.0,verified autonomous action
5076,22.0,24.0,verified autonomous action
5077,22.0,24.0,verified autonomous action
5078,22.0,24.0,verified autonomous action
5079,22.0,24.0,verified autonomous action
5080,22.0,24.0,verified autonomous action
5081,22.0,24.0,verified autonomous action
5082,22.0,24.0,verified autonomous action
5083,22.0,24.0,verified autonomous action
5084,22.0,24.0,verified autonomous action
5085,22.0,24.0,verified autonomous action
5086,22.0,24.0,verified autonomous action
5087,16.7,29.4,verified autonomous action
5088,16.7,29.4,verified autonomous action
5089,16.7,29.4,verified autonomous action
5090,16.7,29.4,verified autonomous action
5091,16.7,29.4,verified autonomous action
5092,16.7,29.4,verified autonomous action
5093,16.7,29.4,verified autonomous action
5094,16.7,29.4,verified autonomous action
5095,16.7,29.4,verified autonomous action
5096,16.7,29.4,verified autonomous action
5097,22.0,24.0,verified autonomous action
5098,22.0,24.0,verified autonomous action
5099,22.0,24.0,verified autonomous action
5100,22.0,24.0,verified autonomous action
5101,22.0,24.0,verified autonomous action
5102,22.0,24.0,verified autonomous action
5103,22.0,24.0,verified autonomous action
5104,22.0,24.0,verified autonomous action
5105,22.0,24.0,verified autonomous action
5106,22.0,24.0,verified autonomous action
5107,22.0,24.0,verified autonomous action
5108,22.0,24.0,verified autonomous action
5109,22.0,24.0,verified autonomous action
5110,22.0,24.0,verified autonomous action
5111,16.7,29.4,verified autonomous action
5112,16.7,29.4,verified autonomous action
5113,16.7,29.4,verified autonomous action
5114,16.7,29.4,verified autonomous action
5115,16.7,29.4,verified autonomous action
5116,16.7,29.4,verified autonomous action
5117,16.7,29.4,verified autonomous action
5118,16.7,29.4,verified autonomous action
5119,16.7,29.4,verified autonomous action
5120,16.7,29.4,verified autonomous action
5121,16.7,29.4,verified autonomous action
5122,16.7,29.4,verified autonomous action
5123,16.7,29.4,verified autonomous action
5124,16.7,29.4,verified autonomous action
5125,16.7,29.4,verified autonomous action
5126,16.7,29.4,verified autonomous action
5127,16.7,29.4,verified autonomous action
5128,16.7,29.4,verified autonomous action
5129,16.7,29.4,verified autonomous action
5130,16.7,29.4,verified autonomous action
5131,16.7,29.4,verified autonomous action
5132,16.7,29.4,verified autonomous action
5133,16.7,29.4,verified autonomous action
5134,16.7,29.4,verified autonomous action
5135,16.7,29.4,verified autonomous action
5136,16.7,29.4,verified autonomous action
5137,16.7,29.4,verified autonomous action
5138,16.7,29.4,verified autonomous action
5139,16.7,29.4,verified autonomous action
5140,16.7,29.4,verified autonomous action
5141,16.7,29.4,verified autonomous action
5142,16.7,29.4,verified autonomous action
5143,16.7,29.4,verified autonomous action
5144,16.7,29.4,verified autonomous action
5145,16.7,29.4,verified autonomous action
5146,16.7,29.4,verified autonomous action
5147,16.7,29.4,verified autonomous action
5148,16.7,29.4,verified autonomous action
5149,16.7,29.4,verified autonomous action
5150,16.7,29.4,verified autonomous action
5151,16.7,29.4,verified autonomous action
5152,16.7,29.4,verified autonomous action
5153,16.7,29.4,verified autonomous action
5154,16.7,29.4,verified autonomous action
5155,16.7,29.4,verified autonomous action
5156,16.7,29.4,verified autonomous action
5157,16.7,29.4,verified autonomous action
5158,16.7,29.4,verified autonomous action
5159,16.7,29.4,verified autonomous action
5160,16.7,29.4,verified autonomous action
5161,16.7,29.4,verified autonomous action
5162,16.7,29.4,verified autonomous action
5163,16.7,29.4,verified autonomous action
5164,16.7,29.4,verified autonomous action
5165,16.7,29.4,verified autonomous action
5166,16.7,29.4,verified autonomous action
5167,16.7,29.4,verified autonomous action
5168,16.7,29.4,verified autonomous action
5169,22.0,24.0,verified autonomous action
5170,22.0,24.0,verified autonomous action
5171,22.0,24.0,verified autonomous action
5172,22.0,24.0,verified autonomous action
5173,22.0,24.0,verified autonomous action
5174,22.0,24.0,verified autonomous action
5175,22.0,24.0,verified autonomous action
5176,22.0,24.0,verified autonomous action
5177,22.0,24.0,verified autonomous action
5178,22.0,24.0,verified autonomous action
5179,22.0,24.0,verified autonomous action
5180,22.0,24.0,verified autonomous action
5181,22.0,24.0,verified autonomous action
5182,22.0,24.0,verified autonomous action
5183,16.7,29.4,verified autonomous action
5184,16.7,29.4,verified autonomous action
5185,16.7,29.4,verified autonomous action
5186,16.7,29.4,verified autonomous action
5187,16.7,29.4,verified autonomous action
5188,16.7,29.4,verified autonomous action
5189,16.7,29.4,verified autonomous action
5190,16.7,29.4,verified autonomous action
5191,16.7,29.4,verified autonomous action
5192,16.7,29.4,verified autonomous action
5193,16.7,29.4,verified autonomous action
5194,22.0,24.0,verified autonomous action
5195,22.0,24.0,verified autonomous action
5196,22.0,24.0,verified autonomous action
5197,22.0,24.0,verified autonomous action
5198,22.0,24.0,verified autonomous action
5199,22.0,24.0,verified autonomous action
5200,22.0,24.0,verified autonomous action
5201,22.0,24.0,verified autonomous action
5202,22.0,24.0,verified autonomous action
5203,22.0,24.0,verified autonomous action
5204,22.0,24.0,verified autonomous action
5205,22.0,24.0,verified autonomous action
5206,22.0,24.0,verified autonomous action
5207,22.0,24.0,verified autonomous action
5208,16.7,29.4,verified autonomous action
5209,16.7,29.4,verified autonomous action
5210,16.7,29.4,verified autonomous action
5211,16.7,29.4,verified autonomous action
5212,16.7,29.4,verified autonomous action
5213,16.7,29.4,verified autonomous action
5214,16.7,29.4,verified autonomous action
5215,16.7,29.4,verified autonomous action
5216,16.7,29.4,verified autonomous action
5217,16.7,29.4,verified autonomous action
5218,22.0,24.0,verified autonomous action
5219,22.0,24.0,verified autonomous action
5220,22.0,24.0,verified autonomous action
5221,22.0,24.0,verified autonomous action
5222,22.0,24.0,verified autonomous action
5223,22.0,24.0,verified autonomous action
5224,22.0,24.0,verified autonomous action
5225,22.0,24.0,verified autonomous action
5226,22.0,24.0,verified autonomous action
5227,22.0,24.0,verified autonomous action
5228,22.0,24.0,verified autonomous action
5229,22.0,24.0,verified autonomous action
5230,22.0,24.0,verified autonomous action
5231,22.0,24.0,verified autonomous action
5232,16.7,29.4,verified autonomous action
5233,16.7,29.4,verified autonomous action
5234,16.7,29.4,verified autonomous action
5235,16.7,29.4,verified autonomous action
5236,16.7,29.4,verified autonomous action
5237,16.7,29.4,verified autonomous action
5238,16.7,29.4,verified autonomous action
5239,16.7,29.4,verified autonomous action
5240,16.7,29.4,verified autonomous action
5241,16.7,29.4,verified autonomous action
5242,22.0,24.0,verified autonomous action
5243,22.0,24.0,verified autonomous action
5244,22.0,24.0,verified autonomous action
5245,22.0,24.0,verified autonomous action
5246,22.0,24.0,verified autonomous action
5247,22.0,24.0,verified autonomous action
5248,22.0,24.0,verified autonomous action
5249,22.0,24.0,verified autonomous action
5250,22.0,24.0,verified autonomous action
5251,22.0,24.0,verified autonomous action
5252,22.0,24.0,verified autonomous action
5253,22.0,24.0,verified autonomous action
5254,22.0,24.0,verified autonomous action
5255,22.0,24.0,verified autonomous action
5256,16.7,29.4,verified autonomous action
5257,16.7,29.4,verified autonomous action
5258,16.7,29.4,verified autonomous action
5259,16.7,29.4,verified autonomous action
5260,16.7,29.4,verified autonomous action
5261,16.7,29.4,verified autonomous action
5262,16.7,29.4,verified autonomous action
5263,16.7,29.4,verified autonomous action
5264,16.7,29.4,verified autonomous action
5265,16.7,29.4,verified autonomous action
5266,22.0,24.0,verified autonomous action
5267,22.0,24.0,verified autonomous action
5268,22.0,24.0,verified autonomous action
5269,22.0,24.0,verified autonomous action
5270,22.0,24.0,verified autonomous action
5271,22.0,24.0,verified autonomous action
5272,22.0,24.0,verified autonomous action
5273,22.0,24.0,verified autonomous action
5274,22.0,24.0,verified autonomous action
5275,22.0,24.0,verified autonomous action
5276,22.0,24.0,verified autonomous action
5277,22.0,24.0,verified autonomous action
5278,22.0,24.0,verified autonomous action
5279,22.0,24.0,verified autonomous action
5280,16.7,29.4,verified autonomous action
5281,16.7,29.4,verified autonomous action
5282,16.7,29.4,verified autonomous action
5283,16.7,29.4,verified autonomous action
5284,16.7,29.4,verified autonomous action
5285,16.7,29.4,verified autonomous action
5286,16.7,29.4,verified autonomous action
5287,16.7,29.4,verified autonomous action
5288,16.7,29.4,verified autonomous action
5289,16.7,29.4,verified autonomous action
5290,16.7,29.4,verified autonomous action
5291,16.7,29.4,verified autonomous action
5292,16.7,29.4,verified autonomous action
5293,16.7,29.4,verified autonomous action
5294,16.7,29.4,verified autonomous action
5295,16.7,29.4,verified autonomous action
5296,16.7,29.4,verified autonomous action
5297,16.7,29.4,verified autonomous action
5298,16.7,29.4,verified autonomous action
5299,16.7,29.4,verified autonomous action
5300,16.7,29.4,verified autonomous action
5301,16.7,29.4,verified autonomous action
5302,16.7,29.4,verified autonomous action
5303,16.7,29.4,verified autonomous action
5304,16.7,29.4,verified autonomous action
5305,16.7,29.4,verified autonomous action
5306,16.7,29.4,verified autonomous action
5307,16.7,29.4,verified autonomous action
5308,16.7,29.4,verified autonomous action
5309,16.7,29.4,verified autonomous action
5310,16.7,29.4,verified autonomous action
5311,16.7,29.4,verified autonomous action
5312,16.7,29.4,verified autonomous action
5313,16.7,29.4,verified autonomous action
5314,16.7,29.4,verified autonomous action
5315,16.7,29.4,verified autonomous action
5316,16.7,29.4,verified autonomous action
5317,16.7,29.4,verified autonomous action
5318,16.7,29.4,verified autonomous action
5319,16.7,29.4,verified autonomous action
5320,16.7,29.4,verified autonomous action
5321,16.7,29.4,verified autonomous action
5322,16.7,29.4,verified autonomous action
5323,16.7,29.4,verified autonomous action
5324,16.7,29.4,verified autonomous action
5325,16.7,29.4,verified autonomous action
5326,16.7,29.4,verified autonomous action
5327,16.7,29.4,verified autonomous action
5328,16.7,29.4,verified autonomous action
5329,16.7,29.4,verified autonomous action
5330,16.7,29.4,verified autonomous action
5331,16.7,29.4,verified autonomous action
5332,16.7,29.4,verified autonomous action
5333,16.7,29.4,verified autonomous action
5334,16.7,29.4,verified autonomous action
5335,16.7,29.4,verified autonomous action
5336,16.7,29.4,verified autonomous action
5337,16.7,29.4,verified autonomous action
5338,22.0,24.0,verified autonomous action
5339,22.0,24.0,verified autonomous action
5340,22.0,24.0,verified autonomous action
5341,22.0,24.0,verified autonomous action
5342,22.0,24.0,verified autonomous action
5343,22.0,24.0,verified autonomous action
5344,22.0,24.0,verified autonomous action
5345,22.0,24.0,verified autonomous action
5346,22.0,24.0,verified autonomous action
5347,22.0,24.0,verified autonomous action
5348,22.0,24.0,verified autonomous action
5349,22.0,24.0,verified autonomous action
5350,22.0,24.0,verified autonomous action
5351,22.0,24.0,verified autonomous action
5352,16.7,29.4,verified autonomous action
5353,16.7,29.4,verified autonomous action
5354,16.7,29.4,verified autonomous action
5355,16.7,29.4,verified autonomous action
5356,16.7,29.4,verified autonomous action
5357,16.7,29.4,verified autonomous action
5358,16.7,29.4,verified autonomous action
5359,16.7,29.4,verified autonomous action
5360,16.7,29.4,verified autonomous action
5361,16.7,29.4,verified autonomous action
5362,16.7,29.4,verified autonomous action
5363,22.0,24.0,verified autonomous action
5364,22.0,24.0,verified autonomous action
5365,22.0,24.0,verified autonomous action
5366,22.0,24.0,verified autonomous action
5367,22.0,24.0,verified autonomous action
5368,22.0,24.0,verified autonomous action
5369,22.0,24.0,verified autonomous action
5370,22.0,24.0,verified autonomous action
5371,22.0,24.0,verified autonomous action
5372,22.0,24.0,verified autonomous action
5373,22.0,24.0,verified autonomous action
5374,22.0,24.0,verified autonomous action
5375,22.0,24.0,verified autonomous action
5376,22.0,24.0,verified autonomous action
5377,16.7,29.4,verified autonomous action
5378,16.7,29.4,verified autonomous action
5379,16.7,29.4,verified autonomous action
5380,16.7,29.4,verified autonomous action
5381,16.7,29.4,verified autonomous action
5382,16.7,29.4,verified autonomous action
5383,16.7,29.4,verified autonomous action
5384,16.7,29.4,verified autonomous action
5385,16.7,29.4,verified autonomous action
5386,16.7,29.4,verified autonomous action
5387,22.0,24.0,verified autonomous action
5388,22.0,24.0,verified autonomous action
5389,22.0,24.0,verified autonomous action
5390,22.0,24.0,verified autonomous action
5391,22.0,24.0,verified autonomous action
5392,22.0,24.0,verified autonomous action
5393,22.0,24.0,verified autonomous action
5394,22.0,24.0,verified autonomous action
5395,22.0,24.0,verified autonomous action
5396,22.0,24.0,verified autonomous action
5397,22.0,24.0,verified autonomous action
5398,22.0,24.0,verified autonomous action
5399,22.0,24.0,verified autonomous action
5400,22.0,24.0,verified autonomous action
5401,16.7,29.4,verified autonomous action
5402,16.7,29.4,verified autonomous action
5403,16.7,29.4,verified autonomous action
5404,16.7,29.4,verified autonomous action
5405,16.7,29.4,verified autonomous action
5406,16.7,29.4,verified autonomous action
5407,16.7,29.4,verified autonomous action
5408,16.7,29.4,verified autonomous action
5409,16.7,29.4,verified autonomous action
5410,16.7,29.4,verified autonomous action
5411,22.0,24.0,verified autonomous action
5412,22.0,24.0,verified autonomous action
5413,22.0,24.0,verified autonomous action
5414,22.0,24.0,verified autonomous action
5415,22.0,24.0,verified autonomous action
5416,22.0,24.0,verified autonomous action
5417,22.0,24.0,verified autonomous action
5418,22.0,24.0,verified autonomous action
5419,22.0,24.0,verified autonomous action
5420,22.0,24.0,verified autonomous action
5421,22.0,24.0,verified autonomous action
5422,22.0,24.0,verified autonomous action
5423,22.0,24.0,verified autonomous action
5424,22.0,24.0,verified autonomous action
5425,16.7,29.4,verified autonomous action
5426,16.7,29.4,verified autonomous action
5427,16.7,29.4,verified autonomous action
5428,16.7,29.4,verified autonomous action
5429,16.7,29.4,verified autonomous action
5430,16.7,29.4,verified autonomous action
5431,16.7,29.4,verified autonomous action
5432,16.7,29.4,verified autonomous action
5433,16.7,29.4,verified autonomous action
5434,16.7,29.4,verified autonomous action
5435,22.0,24.0,verified autonomous action
5436,22.0,24.0,verified autonomous action
5437,22.0,24.0,verified autonomous action
5438,22.0,24.0,verified autonomous action
5439,22.0,24.0,verified autonomous action
5440,22.0,24.0,verified autonomous action
5441,22.0,24.0,verified autonomous action
5442,22.0,24.0,verified autonomous action
5443,22.0,24.0,verified autonomous action
5444,22.0,24.0,verified autonomous action
5445,22.0,24.0,verified autonomous action
5446,22.0,24.0,verified autonomous action
5447,22.0,24.0,verified autonomous action
5448,22.0,24.0,verified autonomous action
5449,16.7,29.4,verified autonomous action
5450,16.7,29.4,verified autonomous action
5451,16.7,29.4,verified autonomous action
5452,16.7,29.4,verified autonomous action
5453,16.7,29.4,verified autonomous action
5454,16.7,29.4,verified autonomous action
5455,16.7,29.4,verified autonomous action
5456,16.7,29.4,verified autonomous action
5457,16.7,29.4,verified autonomous action
5458,16.7,29.4,verified autonomous action
5459,16.7,29.4,verified autonomous action
5460,16.7,29.4,verified autonomous action
5461,16.7,29.4,verified autonomous action
5462,16.7,29.4,verified autonomous action
5463,16.7,29.4,verified autonomous action
5464,16.7,29.4,verified autonomous action
5465,16.7,29.4,verified autonomous action
5466,16.7,29.4,verified autonomous action
5467,16.7,29.4,verified autonomous action
5468,16.7,29.4,verified autonomous action
5469,16.7,29.4,verified autonomous action
5470,16.7,29.4,verified autonomous action
5471,16.7,29.4,verified autonomous action
5472,16.7,29.4,verified autonomous action
5473,16.7,29.4,verified autonomous action
5474,16.7,29.4,verified autonomous action
5475,16.7,29.4,verified autonomous action
5476,16.7,29.4,verified autonomous action
5477,16.7,29.4,verified autonomous action
5478,16.7,29.4,verified autonomous action
5479,16.7,29.4,verified autonomous action
5480,16.7,29.4,verified autonomous action
5481,16.7,29.4,verified autonomous action
5482,16.7,29.4,verified autonomous action
5483,16.7,29.4,verified autonomous action
5484,16.7,29.4,verified autonomous action
5485,16.7,29.4,verified autonomous action
5486,16.7,29.4,verified autonomous action
5487,16.7,29.4,verified autonomous action
5488,16.7,29.4,verified autonomous action
5489,16.7,29.4,verified autonomous action
5490,16.7,29.4,verified autonomous action
5491,16.7,29.4,verified autonomous action
5492,16.7,29.4,verified autonomous action
5493,16.7,29.4,verified autonomous action
5494,16.7,29.4,verified autonomous action
5495,16.7,29.4,verified autonomous action
5496,16.7,29.4,verified autonomous action
5497,16.7,29.4,verified autonomous action
5498,16.7,29.4,verified autonomous action
5499,16.7,29.4,verified autonomous action
5500,16.7,29.4,verified autonomous action
5501,16.7,29.4,verified autonomous action
5502,16.7,29.4,verified autonomous action
5503,16.7,29.4,verified autonomous action
5504,16.7,29.4,verified autonomous action
5505,16.7,29.4,verified autonomous action
5506,16.7,29.4,verified autonomous action
5507,22.0,24.0,verified autonomous action
5508,22.0,24.0,verified autonomous action
5509,22.0,24.0,verified autonomous action
5510,22.0,24.0,verified autonomous action
5511,22.0,24.0,verified autonomous action
5512,22.0,24.0,verified autonomous action
5513,22.0,24.0,verified autonomous action
5514,22.0,24.0,verified autonomous action
5515,22.0,24.0,verified autonomous action
5516,22.0,24.0,verified autonomous action
5517,22.0,24.0,verified autonomous action
5518,22.0,24.0,verified autonomous action
5519,22.0,24.0,verified autonomous action
5520,22.0,24.0,verified autonomous action
5521,16.7,29.4,verified autonomous action
5522,16.7,29.4,verified autonomous action
5523,16.7,29.4,verified autonomous action
5524,16.7,29.4,verified autonomous action
5525,16.7,29.4,verified autonomous action
5526,16.7,29.4,verified autonomous action
5527,16.7,29.4,verified autonomous action
5528,16.7,29.4,verified autonomous action
5529,16.7,29.4,verified autonomous action
5530,16.7,29.4,verified autonomous action
5531,16.7,29.4,verified autonomous action
5532,22.0,24.0,verified autonomous action
5533,22.0,24.0,verified autonomous action
5534,22.0,24.0,verified autonomous action
5535,22.0,24.0,verified autonomous action
5536,22.0,24.0,verified autonomous action
5537,22.0,24.0,verified autonomous action
5538,22.0,24.0,verified autonomous action
5539,22.0,24.0,verified autonomous action
5540,22.0,24.0,verified autonomous action
5541,22.0,24.0,verified autonomous action
5542,22.0,24.0,verified autonomous action
5543,22.0,24.0,verified autonomous action
5544,22.0,24.0,verified autonomous action
5545,22.0,24.0,verified autonomous action
5546,16.7,29.4,verified autonomous action
5547,16.7,29.4,verified autonomous action
5548,16.7,29.4,verified autonomous action
5549,16.7,29.4,verified autonomous action
5550,16.7,29.4,verified autonomous action
5551,16.7,29.4,verified autonomous action
5552,16.7,29.4,verified autonomous action
5553,16.7,29.4,verified autonomous action
5554,16.7,29.4,verified autonomous action
5555,16.7,29.4,verified autonomous action
5556,22.0,24.0,verified autonomous action
5557,22.0,24.0,verified autonomous action
5558,22.0,24.0,verified autonomous action
5559,22.0,24.0,verified autonomous action
5560,22.0,24.0,verified autonomous action
5561,22.0,24.0,verified autonomous action
5562,22.0,24.0,verified autonomous action
5563,22.0,24.0,verified autonomous action
5564,22.0,24.0,verified autonomous action
5565,22.0,24.0,verified autonomous action
5566,22.0,24.0,verified autonomous action
5567,22.0,24.0,verified autonomous action
5568,22.0,24.0,verified autonomous action
5569,22.0,24.0,verified autonomous action
5570,16.7,29.4,verified autonomous action
5571,16.7,29.4,verified autonomous action
5572,16.7,29.4,verified autonomous action
5573,16.7,29.4,verified autonomous action
5574,16.7,29.4,verified autonomous action
5575,16.7,29.4,verified autonomous action
5576,16.7,29.4,verified autonomous action
5577,16.7,29.4,verified autonomous action
5578,16.7,29.4,verified autonomous action
5579,16.7,29.4,verified autonomous action
5580,22.0,24.0,verified autonomous action
5581,22.0,24.0,verified autonomous action
5582,22.0,24.0,verified autonomous action
5583,22.0,24.0,verified autonomous action
5584,22.0,24.0,verified autonomous action
5585,22.0,24.0,verified autonomous action
5586,22.0,24.0,verified autonomous action
5587,22.0,24.0,verified autonomous action
5588,22.0,24.0,verified autonomous action
5589,22.0,24.0,verified autonomous action
5590,22.0,24.0,verified autonomous action
5591,22.0,24.0,verified autonomous action
5592,22.0,24.0,verified autonomous action
5593,22.0,24.0,verified autonomous action
5594,16.7,29.4,verified autonomous action
5595,16.7,29.4,verified autonomous action
5596,16.7,29.4,verified autonomous action
5597,16.7,29.4,verified autonomous action
5598,16.7,29.4,verified autonomous action
5599,16.7,29.4,verified autonomous action
5600,16.7,29.4,verified autonomous action
5601,16.7,29.4,verified autonomous action
5602,16.7,29.4,verified autonomous action
5603,16.7,29.4,verified autonomous action
5604,22.0,24.0,verified autonomous action
5605,22.0,24.0,verified autonomous action
5606,22.0,24.0,verified autonomous action
5607,22.0,24.0,verified autonomous action
5608,22.0,24.0,verified autonomous action
5609,22.0,24.0,verified autonomous action
5610,22.0,24.0,verified autonomous action
5611,22.0,24.0,verified autonomous action
5612,22.0,24.0,verified autonomous action
5613,22.0,24.0,verified autonomous action
5614,22.0,24.0,verified autonomous action
5615,22.0,24.0,verified autonomous action
5616,22.0,24.0,verified autonomous action
5617,22.0,24.0,verified autonomous action
5618,16.7,29.4,verified autonomous action
5619,16.7,29.4,verified autonomous action
5620,16.7,29.4,verified autonomous action
5621,16.7,29.4,verified autonomous action
5622,16.7,29.4,verified autonomous action
5623,16.7,29.4,verified autonomous action
5624,16.7,29.4,verified autonomous action
5625,16.7,29.4,verified autonomous action
5626,16.7,29.4,verified autonomous action
5627,16.7,29.4,verified autonomous action
5628,16.7,29.4,verified autonomous action
5629,16.7,29.4,verified autonomous action
5630,16.7,29.4,verified autonomous action
5631,16.7,29.4,verified autonomous action
5632,16.7,29.4,verified autonomous action
5633,16.7,29.4,verified autonomous action
5634,16.7,29.4,verified autonomous action
5635,16.7,29.4,verified autonomous action
5636,16.7,29.4,verified autonomous action
5637,16.7,29.4,verified autonomous action
5638,16.7,29.4,verified autonomous action
5639,16.7,29.4,verified autonomous action
5640,16.7,29.4,verified autonomous action
5641,16.7,29.4,verified autonomous action
5642,16.7,29.4,verified autonomous action
5643,16.7,29.4,verified autonomous action
5644,16.7,29.4,verified autonomous action
5645,16.7,29.4,verified autonomous action
5646,16.7,29.4,verified autonomous action
5647,16.7,29.4,verified autonomous action
5648,16.7,29.4,verified autonomous action
5649,16.7,29.4,verified autonomous action
5650,16.7,29.4,verified autonomous action
5651,16.7,29.4,verified autonomous action
5652,16.7,29.4,verified autonomous action
5653,16.7,29.4,verified autonomous action
5654,16.7,29.4,verified autonomous action
5655,16.7,29.4,verified autonomous action
5656,16.7,29.4,verified autonomous action
5657,16.7,29.4,verified autonomous action
5658,16.7,29.4,verified autonomous action
5659,16.7,29.4,verified autonomous action
5660,16.7,29.4,verified autonomous action
5661,16.7,29.4,verified autonomous action
5662,16.7,29.4,verified autonomous action
5663,16.7,29.4,verified autonomous action
5664,16.7,29.4,verified autonomous action
5665,16.7,29.4,verified autonomous action
5666,16.7,29.4,verified autonomous action
5667,16.7,29.4,verified autonomous action
5668,16.7,29.4,verified autonomous action
5669,16.7,29.4,verified autonomous action
5670,16.7,29.4,verified autonomous action
5671,16.7,29.4,verified autonomous action
5672,16.7,29.4,verified autonomous action
5673,16.7,29.4,verified autonomous action
5674,16.7,29.4,verified autonomous action
5675,16.7,29.4,verified autonomous action
5676,22.0,24.0,verified autonomous action
5677,22.0,24.0,verified autonomous action
5678,22.0,24.0,verified autonomous action
5679,22.0,24.0,verified autonomous action
5680,22.0,24.0,verified autonomous action
5681,22.0,24.0,verified autonomous action
5682,22.0,24.0,verified autonomous action
5683,22.0,24.0,verified autonomous action
5684,22.0,24.0,verified autonomous action
5685,22.0,24.0,verified autonomous action
5686,22.0,24.0,verified autonomous action
5687,22.0,24.0,verified autonomous action
5688,22.0,24.0,verified autonomous action
5689,22.0,24.0,verified autonomous action
5690,16.7,29.4,verified autonomous action
5691,16.7,29.4,verified autonomous action
5692,16.7,29.4,verified autonomous action
5693,16.7,29.4,verified autonomous action
5694,16.7,29.4,verified autonomous action
5695,16.7,29.4,verified autonomous action
5696,16.7,29.4,verified autonomous action
5697,16.7,29.4,verified autonomous action
5698,16.7,29.4,verified autonomous action
5699,16.7,29.4,verified autonomous action
5700,16.7,29.4,verified autonomous action
5701,22.0,24.0,verified autonomous action
5702,22.0,24.0,verified autonomous action
5703,22.0,24.0,verified autonomous action
5704,22.0,24.0,verified autonomous action
5705,22.0,24.0,verified autonomous action
5706,22.0,24.0,verified autonomous action
5707,22.0,24.0,verified autonomous action
5708,22.0,24.0,verified autonomous action
5709,22.0,24.0,verified autonomous action
5710,22.0,24.0,verified autonomous action
5711,22.0,24.0,verified autonomous action
5712,22.0,24.0,verified autonomous action
5713,22.0,24.0,verified autonomous action
5714,22.0,24.0,verified autonomous action
5715,16.7,29.4,verified autonomous action
5716,16.7,29.4,verified autonomous action
5717,16.7,29.4,verified autonomous action
5718,16.7,29.4,verified autonomous action
5719,16.7,29.4,verified autonomous action
5720,16.7,29.4,verified autonomous action
5721,16.7,29.4,verified autonomous action
5722,16.7,29.4,verified autonomous action
5723,16.7,29.4,verified autonomous action
5724,16.7,29.4,verified autonomous action
5725,22.0,24.0,verified autonomous action
5726,22.0,24.0,verified autonomous action
5727,22.0,24.0,verified autonomous action
5728,22.0,24.0,verified autonomous action
5729,22.0,24.0,verified autonomous action
5730,22.0,24.0,verified autonomous action
5731,22.0,24.0,verified autonomous action
5732,22.0,24.0,verified autonomous action
5733,22.0,24.0,verified autonomous action
5734,22.0,24.0,verified autonomous action
5735,22.0,24.0,verified autonomous action
5736,22.0,24.0,verified autonomous action
5737,22.0,24.0,verified autonomous action
5738,22.0,24.0,verified autonomous action
5739,16.7,29.4,verified autonomous action
5740,16.7,29.4,verified autonomous action
5741,16.7,29.4,verified autonomous action
5742,16.7,29.4,verified autonomous action
5743,16.7,29.4,verified autonomous action
5744,16.7,29.4,verified autonomous action
5745,16.7,29.4,verified autonomous action
5746,16.7,29.4,verified autonomous action
5747,16.7,29.4,verified autonomous action
5748,16.7,29.4,verified autonomous action
5749,22.0,24.0,verified autonomous action
5750,22.0,24.0,verified autonomous action
5751,22.0,24.0,verified autonomous action
5752,22.0,24.0,verified autonomous action
5753,22.0,24.0,verified autonomous action
5754,22.0,24.0,verified autonomous action
5755,22.0,24.0,verified autonomous action
5756,22.0,24.0,verified autonomous action
5757,22.0,24.0,verified autonomous action
5758,22.0,24.0,verified autonomous action
5759,22.0,24.0,verified autonomous action
5760,22.0,24.0,verified autonomous action
5761,22.0,24.0,verified autonomous action
5762,22.0,24.0,verified autonomous action
5763,16.7,29.4,verified autonomous action
5764,16.7,29.4,verified autonomous action
5765,16.7,29.4,verified autonomous action
5766,16.7,29.4,verified autonomous action
5767,16.7,29.4,verified autonomous action
5768,16.7,29.4,verified autonomous action
5769,16.7,29.4,verified autonomous action
5770,16.7,29.4,verified autonomous action
5771,16.7,29.4,verified autonomous action
5772,16.7,29.4,verified autonomous action
5773,22.0,24.0,verified autonomous action
5774,22.0,24.0,verified autonomous action
5775,22.0,24.0,verified autonomous action
5776,22.0,24.0,verified autonomous action
5777,22.0,24.0,verified autonomous action
5778,22.0,24.0,verified autonomous action
5779,22.0,24.0,verified autonomous action
5780,22.0,24.0,verified autonomous action
5781,22.0,24.0,verified autonomous action
5782,22.0,24.0,verified autonomous action
5783,22.0,24.0,verified autonomous action
5784,22.0,24.0,verified autonomous action
5785,22.0,24.0,verified autonomous action
5786,22.0,24.0,verified autonomous action
5787,16.7,29.4,verified autonomous action
5788,16.7,29.4,verified autonomous action
5789,16.7,29.4,verified autonomous action
5790,16.7,29.4,verified autonomous action
5791,16.7,29.4,verified autonomous action
5792,16.7,29.4,verified autonomous action
5793,16.7,29.4,verified autonomous action
5794,16.7,29.4,verified autonomous action
5795,16.7,29.4,verified autonomous action
5796,16.7,29.4,verified autonomous action
5797,16.7,29.4,verified autonomous action
5798,16.7,29.4,verified autonomous action
5799,16.7,29.4,verified autonomous action
5800,16.7,29.4,verified autonomous action
5801,16.7,29.4,verified autonomous action
5802,16.7,29.4,verified autonomous action
5803,16.7,29.4,verified autonomous action
5804,16.7,29.4,verified autonomous action
5805,16.7,29.4,verified autonomous action
5806,16.7,29.4,verified autonomous action
5807,16.7,29.4,verified autonomous action
5808,16.7,29.4,verified autonomous action
5809,16.7,29.4,verified autonomous action
5810,16.7,29.4,verified autonomous action
5811,16.7,29.4,verified autonomous action
5812,16.7,29.4,verified autonomous action
5813,16.7,29.4,verified autonomous action
5814,16.7,29.4,verified autonomous action
5815,16.7,29.4,verified autonomous action
5816,16.7,29.4,verified autonomous action
5817,16.7,29.4,verified autonomous action
5818,16.7,29.4,verified autonomous action
5819,16.7,29.4,verified autonomous action
5820,16.7,29.4,verified autonomous action
5821,16.7,29.4,verified autonomous action
5822,16.7,29.4,verified autonomous action
5823,16.7,29.4,verified autonomous action
5824,16.7,29.4,verified autonomous action
5825,16.7,29.4,verified autonomous action
5826,16.7,29.4,verified autonomous action
5827,16.7,29.4,verified autonomous action
5828,16.7,29.4,verified autonomous action
5829,16.7,29.4,verified autonomous action
5830,16.7,29.4,verified autonomous action
5831,16.7,29.4,verified autonomous action
5832,16.7,29.4,verified autonomous action
5833,16.7,29.4,verified autonomous action
5834,16.7,29.4,verified autonomous action
5835,16.7,29.4,verified autonomous action
5836,16.7,29.4,verified autonomous action
5837,16.7,29.4,verified autonomous action
5838,16.7,29.4,verified autonomous action
5839,16.7,29.4,verified autonomous action
5840,16.7,29.4,verified autonomous action
5841,16.7,29.4,verified autonomous action
5842,16.7,29.4,verified autonomous action
5843,16.7,29.4,verified autonomous action
5844,16.7,29.4,verified autonomous action
5845,22.0,24.0,verified autonomous action
5846,22.0,24.0,verified autonomous action
5847,22.0,24.0,verified autonomous action
5848,22.0,24.0,verified autonomous action
5849,22.0,24.0,verified autonomous action
5850,22.0,24.0,verified autonomous action
5851,22.0,24.0,verified autonomous action
5852,22.0,24.0,verified autonomous action
5853,22.0,24.0,verified autonomous action
5854,22.0,24.0,verified autonomous action
5855,22.0,24.0,verified autonomous action
5856,22.0,24.0,verified autonomous action
5857,22.0,24.0,verified autonomous action
5858,22.0,24.0,verified autonomous action
5859,16.7,29.4,verified autonomous action
5860,16.7,29.4,verified autonomous action
5861,16.7,29.4,verified autonomous action
5862,16.7,29.4,verified autonomous action
5863,16.7,29.4,verified autonomous action
5864,16.7,29.4,verified autonomous action
5865,16.7,29.4,verified autonomous action
5866,16.7,29.4,verified autonomous action
5867,16.7,29.4,verified autonomous action
5868,16.7,29.4,verified autonomous action
5869,16.7,29.4,verified autonomous action
5870,22.0,24.0,verified autonomous action
5871,22.0,24.0,verified autonomous action
5872,22.0,24.0,verified autonomous action
5873,22.0,24.0,verified autonomous action
5874,22.0,24.0,verified autonomous action
5875,22.0,24.0,verified autonomous action
5876,22.0,24.0,verified autonomous action
5877,22.0,24.0,verified autonomous action
5878,22.0,24.0,verified autonomous action
5879,22.0,24.0,verified autonomous action
5880,22.0,24.0,verified autonomous action
5881,22.0,24.0,verified autonomous action
5882,22.0,24.0,verified autonomous action
5883,22.0,24.0,verified autonomous action
5884,16.7,29.4,verified autonomous action
5885,16.7,29.4,verified autonomous action
5886,16.7,29.4,verified autonomous action
5887,16.7,29.4,verified autonomous action
5888,16.7,29.4,verified autonomous action
5889,16.7,29.4,verified autonomous action
5890,16.7,29.4,verified autonomous action
5891,16.7,29.4,verified autonomous action
5892,16.7,29.4,verified autonomous action
5893,16.7,29.4,verified autonomous action
5894,22.0,24.0,verified autonomous action
5895,22.0,24.0,verified autonomous action
5896,22.0,24.0,verified autonomous action
5897,22.0,24.0,verified autonomous action
5898,22.0,24.0,verified autonomous action
5899,22.0,24.0,verified autonomous action
5900,22.0,24.0,verified autonomous action
5901,22.0,24.0,verified autonomous action
5902,22.0,24.0,verified autonomous action
5903,22.0,24.0,verified autonomous action
5904,22.0,24.0,verified autonomous action
5905,22.0,24.0,verified autonomous action
5906,22.0,24.0,verified autonomous action
5907,22.0,24.0,verified autonomous action
5908,16.7,29.4,verified autonomous action
5909,16.7,29.4,verified autonomous action
5910,16.7,29.4,verified autonomous action
5911,16.7,29.4,verified autonomous action
5912,16.7,29.4,verified autonomous action
5913,16.7,29.4,verified autonomous action
5914,16.7,29.4,verified autonomous action
5915,16.7,29.4,verified autonomous action
5916,16.7,29.4,verified autonomous action
5917,16.7,29.4,verified autonomous action
5918,22.0,24.0,verified autonomous action
5919,22.0,24.0,verified autonomous action
5920,22.0,24.0,verified autonomous action
5921,22.0,24.0,verified autonomous action
5922,22.0,24.0,verified autonomous action
5923,22.0,24.0,verified autonomous action
5924,22.0,24.0,verified autonomous action
5925,22.0,24.0,verified autonomous action
5926,22.0,24.0,verified autonomous action
5927,22.0,24.0,verified autonomous action
5928,22.0,24.0,verified autonomous action
5929,22.0,24.0,verified autonomous action
5930,22.0,24.0,verified autonomous action
5931,22.0,24.0,verified autonomous action
5932,16.7,29.4,verified autonomous action
5933,16.7,29.4,verified autonomous action
5934,16.7,29.4,verified autonomous action
5935,16.7,29.4,verified autonomous action
5936,16.7,29.4,verified autonomous action
5937,16.7,29.4,verified autonomous action
5938,16.7,29.4,verified autonomous action
5939,16.7,29.4,verified autonomous action
5940,16.7,29.4,verified autonomous action
5941,16.7,29.4,verified autonomous action
5942,22.0,24.0,verified autonomous action
5943,22.0,24.0,verified autonomous action
5944,22.0,24.0,verified autonomous action
5945,22.0,24.0,verified autonomous action
5946,22.0,24.0,verified autonomous action
5947,22.0,24.0,verified autonomous action
5948,22.0,24.0,verified autonomous action
5949,22.0,24.0,verified autonomous action
5950,22.0,24.0,verified autonomous action
5951,22.0,24.0,verified autonomous action
5952,22.0,24.0,verified autonomous action
5953,22.0,24.0,verified autonomous action
5954,22.0,24.0,verified autonomous action
5955,22.0,24.0,verified autonomous action
5956,16.7,29.4,verified autonomous action
5957,16.7,29.4,verified autonomous action
5958,16.7,29.4,verified autonomous action
5959,16.7,29.4,verified autonomous action
5960,16.7,29.4,verified autonomous action
5961,16.7,29.4,verified autonomous action
5962,16.7,29.4,verified autonomous action
5963,16.7,29.4,verified autonomous action
5964,16.7,29.4,verified autonomous action
5965,16.7,29.4,verified autonomous action
5966,16.7,29.4,verified autonomous action
5967,16.7,29.4,verified autonomous action
5968,16.7,29.4,verified autonomous action
5969,16.7,29.4,verified autonomous action
5970,16.7,29.4,verified autonomous action
5971,16.7,29.4,verified autonomous action
5972,16.7,29.4,verified autonomous action
5973,16.7,29.4,verified autonomous action
5974,16.7,29.4,verified autonomous action
5975,16.7,29.4,verified autonomous action
5976,16.7,29.4,verified autonomous action
5977,16.7,29.4,verified autonomous action
5978,16.7,29.4,verified autonomous action
5979,16.7,29.4,verified autonomous action
5980,16.7,29.4,verified autonomous action
5981,16.7,29.4,verified autonomous action
5982,16.7,29.4,verified autonomous action
5983,16.7,29.4,verified autonomous action
5984,16.7,29.4,verified autonomous action
5985,16.7,29.4,verified autonomous action
5986,16.7,29.4,verified autonomous action
5987,16.7,29.4,verified autonomous action
5988,16.7,29.4,verified autonomous action
5989,16.7,29.4,verified autonomous action
5990,16.7,29.4,verified autonomous action
5991,16.7,29.4,verified autonomous action
5992,16.7,29.4,verified autonomous action
5993,16.7,29.4,verified autonomous action
5994,16.7,29.4,verified autonomous action
5995,16.7,29.4,verified autonomous action
5996,16.7,29.4,verified autonomous action
5997,16.7,29.4,verified autonomous action
5998,16.7,29.4,verified autonomous action
5999,16.7,29.4,verified autonomous action
6000,16.7,29.4,verified autonomous action
6001,16.7,29.4,verified autonomous action
6002,16.7,29.4,verified autonomous action
6003,16.7,29.4,verified autonomous action
6004,16.7,29.4,verified autonomous action
6005,16.7,29.4,verified autonomous action
6006,16.7,29.4,verified autonomous action
6007,16.7,29.4,verified autonomous action
6008,16.7,29.4,verified autonomous action
6009,16.7,29.4,verified autonomous action
6010,16.7,29.4,verified autonomous action
6011,16.7,29.4,verified autonomous action
6012,16.7,29.4,verified autonomous action
6013,16.7,29.4,verified autonomous action
6014,22.0,24.0,verified autonomous action
6015,22.0,24.0,verified autonomous action
6016,22.0,24.0,verified autonomous action
6017,22.0,24.0,verified autonomous action
6018,22.0,24.0,verified autonomous action
6019,22.0,24.0,verified autonomous action
6020,22.0,24.0,verified autonomous action
6021,22.0,24.0,verified autonomous action
6022,22.0,24.0,verified autonomous action
6023,22.0,24.0,verified autonomous action
6024,22.0,24.0,verified autonomous action
6025,22.0,24.0,verified autonomous action
6026,22.0,24.0,verified autonomous action
6027,22.0,24.0,verified autonomous action
6028,16.7,29.4,verified autonomous action
6029,16.7,29.4,verified autonomous action
6030,16.7,29.4,verified autonomous action
6031,16.7,29.4,verified autonomous action
6032,16.7,29.4,verified autonomous action
6033,16.7,29.4,verified autonomous action
6034,16.7,29.4,verified autonomous action
6035,16.7,29.4,verified autonomous action
6036,16.7,29.4,verified autonomous action
6037,16.7,29.4,verified autonomous action
6038,16.7,29.4,verified autonomous action
6039,22.0,24.0,verified autonomous action
6040,22.0,24.0,verified autonomous action
6041,22.0,24.0,verified autonomous action
6042,22.0,24.0,verified autonomous action
6043,22.0,24.0,verified autonomous action
6044,22.0,24.0,verified autonomous action
6045,22.0,24.0,verified autonomous action
6046,22.0,24.0,verified autonomous action
6047,22.0,24.0,verified autonomous action
6048,22.0,24.0,verified autonomous action
6049,22.0,24.0,verified autonomous action
6050,22.0,24.0,verified autonomous action
6051,22.0,24.0,verified autonomous action
6052,22.0,24.0,verified autonomous action
6053,16.7,29.4,verified autonomous action
6054,16.7,29.4,verified autonomous action
6055,16.7,29.4,verified autonomous action
6056,16.7,29.4,verified autonomous action
6057,16.7,29.4,verified autonomous action
6058,16.7,29.4,verified autonomous action
6059,16.7,29.4,verified autonomous action
6060,16.7,29.4,verified autonomous action
6061,16.7,29.4,verified autonomous action
6062,16.7,29.4,verified autonomous action
6063,22.0,24.0,verified autonomous action
6064,22.0,24.0,verified autonomous action
6065,22.0,24.0,verified autonomous action
6066,22.0,24.0,verified autonomous action
6067,22.0,24.0,verified autonomous action
6068,22.0,24.0,verified autonomous action
6069,22.0,24.0,verified autonomous action
6070,22.0,24.0,verified autonomous action
6071,22.0,24.0,verified autonomous action
6072,22.0,24.0,verified autonomous action
6073,22.0,24.0,verified autonomous action
6074,22.0,24.0,verified autonomous action
6075,22.0,24.0,verified autonomous action
6076,22.0,24.0,verified autonomous action
6077,16.7,29.4,verified autonomous action
6078,16.7,29.4,verified autonomous action
6079,16.7,29.4,verified autonomous action
6080,16.7,29.4,verified autonomous action
6081,16.7,29.4,verified autonomous action
6082,16.7,29.4,verified autonomous action
6083,16.7,29.4,verified autonomous action
6084,16.7,29.4,verified autonomous action
6085,16.7,29.4,verified autonomous action
6086,16.7,29.4,verified autonomous action
6087,22.0,24.0,verified autonomous action
6088,22.0,24.0,verified autonomous action
6089,22.0,24.0,verified autonomous action
6090,22.0,24.0,verified autonomous action
6091,22.0,24.0,verified autonomous action
6092,22.0,24.0,verified autonomous action
6093,22.0,24.0,verified autonomous action
6094,22.0,24.0,verified autonomous action
6095,22.0,24.0,verified autonomous action
6096,22.0,24.0,verified autonomous action
6097,22.0,24.0,verified autonomous action
6098,22.0,24.0,verified autonomous action
6099,22.0,24.0,verified autonomous action
6100,22.0,24.0,verified autonomous action
6101,16.7,29.4,verified autonomous action
6102,16.7,29.4,verified autonomous action
6103,16.7,29.4,verified autonomous action
6104,16.7,29.4,verified autonomous action
6105,16.7,29.4,verified autonomous action
6106,16.7,29.4,verified autonomous action
6107,16.7,29.4,verified autonomous action
6108,16.7,29.4,verified autonomous action
6109,16.7,29.4,verified autonomous action
6110,16.7,29.4,verified autonomous action
6111,22.0,24.0,verified autonomous action
6112,22.0,24.0,verified autonomous action
6113,22.0,24.0,verified autonomous action
6114,22.0,24.0,verified autonomous action
6115,22.0,24.0,verified autonomous action
6116,22.0,24.0,verified autonomous action
6117,22.0,24.0,verified autonomous action
6118,22.0,24.0,verified autonomous action
6119,22.0,24.0,verified autonomous action
6120,22.0,24.0,verified autonomous action
6121,22.0,24.0,verified autonomous action
6122,22.0,24.0,verified autonomous action
6123,22.0,24.0,verified autonomous action
6124,22.0,24.0,verified autonomous action
6125,16.7,29.4,verified autonomous action
6126,16.7,29.4,verified autonomous action
6127,16.7,29.4,verified autonomous action
6128,16.7,29.4,verified autonomous action
6129,16.7,29.4,verified autonomous action
6130,16.7,29.4,verified autonomous action
6131,16.7,29.4,verified autonomous action
6132,16.7,29.4,verified autonomous action
6133,16.7,29.4,verified autonomous action
6134,16.7,29.4,verified autonomous action
6135,16.7,29.4,verified autonomous action
6136,16.7,29.4,verified autonomous action
6137,16.7,29.4,verified autonomous action
6138,16.7,29.4,verified autonomous action
6139,16.7,29.4,verified autonomous action
6140,16.7,29.4,verified autonomous action
6141,16.7,29.4,verified autonomous action
6142,16.7,29.4,verified autonomous action
6143,16.7,29.4,verified autonomous action
6144,16.7,29.4,verified autonomous action
6145,16.7,29.4,verified autonomous action
6146,16.7,29.4,verified autonomous action
6147,16.7,29.4,verified autonomous action
6148,16.7,29.4,verified autonomous action
6149,16.7,29.4,verified autonomous action
6150,16.7,29.4,verified autonomous action
6151,16.7,29.4,verified autonomous action
6152,16.7,29.4,verified autonomous action
6153,16.7,29.4,verified autonomous action
6154,16.7,29.4,verified autonomous action
6155,16.7,29.4,verified autonomous action
6156,16.7,29.4,verified autonomous action
6157,16.7,29.4,verified autonomous action
6158,16.7,29.4,verified autonomous action
6159,16.7,29.4,verified autonomous action
6160,16.7,29.4,verified autonomous action
6161,16.7,29.4,verified autonomous action
6162,16.7,29.4,verified autonomous action
6163,16.7,29.4,verified autonomous action
6164,16.7,29.4,verified autonomous action
6165,16.7,29.4,verified autonomous action
6166,16.7,29.4,verified autonomous action
6167,16.7,29.4,verified autonomous action
6168,16.7,29.4,verified autonomous action
6169,16.7,29.4,verified autonomous action
6170,16.7,29.4,verified autonomous action
6171,16.7,29.4,verified autonomous action
6172,16.7,29.4,verified autonomous action
6173,16.7,29.4,verified autonomous action
6174,16.7,29.4,verified autonomous action
6175,16.7,29.4,verified autonomous action
6176,16.7,29.4,verified autonomous action
6177,16.7,29.4,verified autonomous action
6178,16.7,29.4,verified autonomous action
6179,16.7,29.4,verified autonomous action
6180,16.7,29.4,verified autonomous action
6181,16.7,29.4,verified autonomous action
6182,16.7,29.4,verified autonomous action
6183,22.0,24.0,verified autonomous action
6184,22.0,24.0,verified autonomous action
6185,22.0,24.0,verified autonomous action
6186,22.0,24.0,verified autonomous action
6187,22.0,24.0,verified autonomous action
6188,22.0,24.0,verified autonomous action
6189,22.0,24.0,verified autonomous action
6190,22.0,24.0,verified autonomous action
6191,22.0,24.0,verified autonomous action
6192,22.0,24.0,verified autonomous action
6193,22.0,24.0,verified autonomous action
6194,22.0,24.0,verified autonomous action
6195,22.0,24.0,verified autonomous action
6196,22.0,24.0,verified autonomous action
6197,16.7,29.4,verified autonomous action
6198,16.7,29.4,verified autonomous action
6199,16.7,29.4,verified autonomous action
6200,16.7,29.4,verified autonomous action
6201,16.7,29.4,verified autonomous action
6202,16.7,29.4,verified autonomous action
6203,16.7,29.4,verified autonomous action
6204,16.7,29.4,verified autonomous action
6205,16.7,29.4,verified autonomous action
6206,16.7,29.4,verified autonomous action
6207,16.7,29.4,verified autonomous action
6208,22.0,24.0,verified autonomous action
6209,22.0,24.0,verified autonomous action
6210,22.0,24.0,verified autonomous action
6211,22.0,24.0,verified autonomous action
6212,22.0,24.0,verified autonomous action
6213,22.0,24.0,verified autonomous action
6214,22.0,24.0,verified autonomous action
6215,22.0,24.0,verified autonomous action
6216,22.0,24.0,verified autonomous action
6217,22.0,24.0,verified autonomous action
6218,22.0,24.0,verified autonomous action
6219,22.0,24.0,verified autonomous action
6220,22.0,24.0,verified autonomous action
6221,22.0,24.0,verified autonomous action
6222,16.7,29.4,verified autonomous action
6223,16.7,29.4,verified autonomous action
6224,16.7,29.4,verified autonomous action
6225,16.7,29.4,verified autonomous action
6226,16.7,29.4,verified autonomous action
6227,16.7,29.4,verified autonomous action
6228,16.7,29.4,verified autonomous action
6229,16.7,29.4,verified autonomous action
6230,16.7,29.4,verified autonomous action
6231,16.7,29.4,verified autonomous action
6232,22.0,24.0,verified autonomous action
6233,22.0,24.0,verified autonomous action
6234,22.0,24.0,verified autonomous action
6235,22.0,24.0,verified autonomous action
6236,22.0,24.0,verified autonomous action
6237,22.0,24.0,verified autonomous action
6238,22.0,24.0,verified autonomous action
6239,22.0,24.0,verified autonomous action
6240,22.0,24.0,verified autonomous action
6241,22.0,24.0,verified autonomous action
6242,22.0,24.0,verified autonomous action
6243,22.0,24.0,verified autonomous action
6244,22.0,24.0,verified autonomous action
6245,22.0,24.0,verified autonomous action
6246,16.7,29.4,verified autonomous action
6247,16.7,29.4,verified autonomous action
6248,16.7,29.4,verified autonomous action
6249,16.7,29.4,verified autonomous action
6250,16.7,29.4,verified autonomous action
6251,16.7,29.4,verified autonomous action
6252,16.7,29.4,verified autonomous action
6253,16.7,29.4,verified autonomous action
6254,16.7,29.4,verified autonomous action
6255,16.7,29.4,verified autonomous action
6256,22.0,24.0,verified autonomous action
6257,22.0,24.0,verified autonomous action
6258,22.0,24.0,verified autonomous action
6259,22.0,24.0,verified autonomous action
6260,22.0,24.0,verified autonomous action
6261,22.0,24.0,verified autonomous action
6262,22.0,24.0,verified autonomous action
6263,22.0,24.0,verified autonomous action
6264,22.0,24.0,verified autonomous action
6265,22.0,24.0,verified autonomous action
6266,22.0,24.0,verified autonomous action
6267,22.0,24.0,verified autonomous action
6268,22.0,24.0,verified autonomous action
6269,22.0,24.0,verified autonomous action
6270,16.7,29.4,verified autonomous action
6271,16.7,29.4,verified autonomous action
6272,16.7,29.4,verified autonomous action
6273,16.7,29.4,verified autonomous action
6274,16.7,29.4,verified autonomous action
6275,16.7,29.4,verified autonomous action
6276,16.7,29.4,verified autonomous action
6277,16.7,29.4,verified autonomous action
6278,16.7,29.4,verified autonomous action
6279,16.7,29.4,verified autonomous action
6280,22.0,24.0,verified autonomous action
6281,22.0,24.0,verified autonomous action
6282,22.0,24.0,verified autonomous action
6283,22.0,24.0,verified autonomous action
6284,22.0,24.0,verified autonomous action
6285,22.0,24.0,verified autonomous action
6286,22.0,24.0,verified autonomous action
6287,22.0,24.0,verified autonomous action
6288,22.0,24.0,verified autonomous action
6289,22.0,24.0,verified autonomous action
6290,22.0,24.0,verified autonomous action
6291,22.0,24.0,verified autonomous action
6292,22.0,24.0,verified autonomous action
6293,22.0,24.0,verified autonomous action
6294,16.7,29.4,verified autonomous action
6295,16.7,29.4,verified autonomous action
6296,16.7,29.4,verified autonomous action
6297,16.7,29.4,verified autonomous action
6298,16.7,29.4,verified autonomous action
6299,16.7,29.4,verified autonomous action
6300,16.7,29.4,verified autonomous action
6301,16.7,29.4,verified autonomous action
6302,16.7,29.4,verified autonomous action
6303,16.7,29.4,verified autonomous action
6304,16.7,29.4,verified autonomous action
6305,16.7,29.4,verified autonomous action
6306,16.7,29.4,verified autonomous action
6307,16.7,29.4,verified autonomous action
6308,16.7,29.4,verified autonomous action
6309,16.7,29.4,verified autonomous action
6310,16.7,29.4,verified autonomous action
6311,16.7,29.4,verified autonomous action
6312,16.7,29.4,verified autonomous action
6313,16.7,29.4,verified autonomous action
6314,16.7,29.4,verified autonomous action
6315,16.7,29.4,verified autonomous action
6316,16.7,29.4,verified autonomous action
6317,16.7,29.4,verified autonomous action
6318,16.7,29.4,verified autonomous action
6319,16.7,29.4,verified autonomous action
6320,16.7,29.4,verified autonomous action
6321,16.7,29.4,verified autonomous action
6322,16.7,29.4,verified autonomous action
6323,16.7,29.4,verified autonomous action
6324,16.7,29.4,verified autonomous action
6325,16.7,29.4,verified autonomous action
6326,16.7,29.4,verified autonomous action
6327,16.7,29.4,verified autonomous action
6328,16.7,29.4,verified autonomous action
6329,16.7,29.4,verified autonomous action
6330,16.7,29.4,verified autonomous action
6331,16.7,29.4,verified autonomous action
6332,16.7,29.4,verified autonomous action
6333,16.7,29.4,verified autonomous action
6334,16.7,29.4,verified autonomous action
6335,16.7,29.4,verified autonomous action
6336,16.7,29.4,verified autonomous action
6337,16.7,29.4,verified autonomous action
6338,16.7,29.4,verified autonomous action
6339,16.7,29.4,verified autonomous action
6340,16.7,29.4,verified autonomous action
6341,16.7,29.4,verified autonomous action
6342,16.7,29.4,verified autonomous action
6343,16.7,29.4,verified autonomous action
6344,16.7,29.4,verified autonomous action
6345,16.7,29.4,verified autonomous action
6346,16.7,29.4,verified autonomous action
6347,16.7,29.4,verified autonomous action
6348,16.7,29.4,verified autonomous action
6349,16.7,29.4,verified autonomous action
6350,16.7,29.4,verified autonomous action
6351,16.7,29.4,verified autonomous action
6352,22.0,24.0,verified autonomous action
6353,22.0,24.0,verified autonomous action
6354,22.0,24.0,verified autonomous action
6355,22.0,24.0,verified autonomous action
6356,22.0,24.0,verified autonomous action
6357,22.0,24.0,verified autonomous action
6358,22.0,24.0,verified autonomous action
6359,22.0,24.0,verified autonomous action
6360,22.0,24.0,verified autonomous action
6361,22.0,24.0,verified autonomous action
6362,22.0,24.0,verified autonomous action
6363,22.0,24.0,verified autonomous action
6364,22.0,24.0,verified autonomous action
6365,22.0,24.0,verified autonomous action
6366,16.7,29.4,verified autonomous action
6367,16.7,29.4,verified autonomous action
6368,16.7,29.4,verified autonomous action
6369,16.7,29.4,verified autonomous action
6370,16.7,29.4,verified autonomous action
6371,16.7,29.4,verified autonomous action
6372,16.7,29.4,verified autonomous action
6373,16.7,29.4,verified autonomous action
6374,16.7,29.4,verified autonomous action
6375,16.7,29.4,verified autonomous action
6376,16.7,29.4,verified autonomous action
6377,22.0,24.0,verified autonomous action
6378,22.0,24.0,verified autonomous action
6379,22.0,24.0,verified autonomous action
6380,22.0,24.0,verified autonomous action
6381,22.0,24.0,verified autonomous action
6382,22.0,24.0,verified autonomous action
6383,22.0,24.0,verified autonomous action
6384,22.0,24.0,verified autonomous action
6385,22.0,24.0,verified autonomous action
6386,22.0,24.0,verified autonomous action
6387,22.0,24.0,verified autonomous action
6388,22.0,24.0,verified autonomous action
6389,22.0,24.0,verified autonomous action
6390,22.0,24.0,verified autonomous action
6391,16.7,29.4,verified autonomous action
6392,16.7,29.4,verified autonomous action
6393,16.7,29.4,verified autonomous action
6394,16.7,29.4,verified autonomous action
6395,16.7,29.4,verified autonomous action
6396,16.7,29.4,verified autonomous action
6397,16.7,29.4,verified autonomous action
6398,16.7,29.4,verified autonomous action
6399,16.7,29.4,verified autonomous action
6400,16.7,29.4,verified autonomous action
6401,22.0,24.0,verified autonomous action
6402,22.0,24.0,verified autonomous action
6403,22.0,24.0,verified autonomous action
6404,22.0,24.0,verified autonomous action
6405,22.0,24.0,verified autonomous action
6406,22.0,24.0,verified autonomous action
6407,22.0,24.0,verified autonomous action
6408,22.0,24.0,verified autonomous action
6409,22.0,24.0,verified autonomous action
6410,22.0,24.0,verified autonomous action
6411,22.0,24.0,verified autonomous action
6412,22.0,24.0,verified autonomous action
6413,22.0,24.0,verified autonomous action
6414,22.0,24.0,verified autonomous action
6415,16.7,29.4,verified autonomous action
6416,16.7,29.4,verified autonomous action
6417,16.7,29.4,verified autonomous action
6418,16.7,29.4,verified autonomous action
6419,16.7,29.4,verified autonomous action
6420,16.7,29.4,verified autonomous action
6421,16.7,29.4,verified autonomous action
6422,16.7,29.4,verified autonomous action
6423,16.7,29.4,verified autonomous action
6424,16.7,29.4,verified autonomous action
6425,22.0,24.0,verified autonomous action
6426,22.0,24.0,verified autonomous action
6427,22.0,24.0,verified autonomous action
6428,22.0,24.0,verified autonomous action
6429,22.0,24.0,verified autonomous action
6430,22.0,24.0,verified autonomous action
6431,22.0,24.0,verified autonomous action
6432,22.0,24.0,verified autonomous action
6433,22.0,24.0,verified autonomous action
6434,22.0,24.0,verified autonomous action
6435,22.0,24.0,verified autonomous action
6436,22.0,24.0,verified autonomous action
6437,22.0,24.0,verified autonomous action
6438,22.0,24.0,verified autonomous action
6439,16.7,29.4,verified autonomous action
6440,16.7,29.4,verified autonomous action
6441,16.7,29.4,verified autonomous action
6442,16.7,29.4,verified autonomous action
6443,16.7,29.4,verified autonomous action
6444,16.7,29.4,verified autonomous action
6445,16.7,29.4,verified autonomous action
6446,16.7,29.4,verified autonomous action
6447,16.7,29.4,verified autonomous action
6448,16.7,29.4,verified autonomous action
6449,22.0,24.0,verified autonomous action
6450,22.0,24.0,verified autonomous action
6451,22.0,24.0,verified autonomous action
6452,22.0,24.0,verified autonomous action
6453,22.0,24.0,verified autonomous action
6454,22.0,24.0,verified autonomous action
6455,22.0,24.0,verified autonomous action
6456,22.0,24.0,verified autonomous action
6457,22.0,24.0,verified autonomous action
6458,22.0,24.0,verified autonomous action
6459,22.0,24.0,verified autonomous action
6460,22.0,24.0,verified autonomous action
6461,22.0,24.0,verified autonomous action
6462,22.0,24.0,verified autonomous action
6463,16.7,29.4,verified autonomous action
6464,16.7,29.4,verified autonomous action
6465,16.7,29.4,verified autonomous action
6466,16.7,29.4,verified autonomous action
6467,16.7,29.4,verified autonomous action
6468,16.7,29.4,verified autonomous action
6469,16.7,29.4,verified autonomous action
6470,16.7,29.4,verified autonomous action
6471,16.7,29.4,verified autonomous action
6472,16.7,29.4,verified autonomous action
6473,16.7,29.4,verified autonomous action
6474,16.7,29.4,verified autonomous action
6475,16.7,29.4,verified autonomous action
6476,16.7,29.4,verified autonomous action
6477,16.7,29.4,verified autonomous action
6478,16.7,29.4,verified autonomous action
6479,16.7,29.4,verified autonomous action
6480,16.7,29.4,verified autonomous action
6481,16.7,29.4,verified autonomous action
6482,16.7,29.4,verified autonomous action
6483,16.7,29.4,verified autonomous action
6484,16.7,29.4,verified autonomous action
6485,16.7,29.4,verified autonomous action
6486,16.7,29.4,verified autonomous action
6487,16.7,29.4,verified autonomous action
6488,16.7,29.4,verified autonomous action
6489,16.7,29.4,verified autonomous action
6490,16.7,29.4,verified autonomous action
6491,16.7,29.4,verified autonomous action
6492,16.7,29.4,verified autonomous action
6493,16.7,29.4,verified autonomous action
6494,16.7,29.4,verified autonomous action
6495,16.7,29.4,verified autonomous action
6496,16.7,29.4,verified autonomous action
6497,16.7,29.4,verified autonomous action
6498,16.7,29.4,verified autonomous action
6499,16.7,29.4,verified autonomous action
6500,16.7,29.4,verified autonomous action
6501,16.7,29.4,verified autonomous action
6502,16.7,29.4,verified autonomous action
6503,16.7,29.4,verified autonomous action
6504,16.7,29.4,verified autonomous action
6505,16.7,29.4,verified autonomous action
6506,16.7,29.4,verified autonomous action
6507,16.7,29.4,verified autonomous action
6508,16.7,29.4,verified autonomous action
6509,16.7,29.4,verified autonomous action
6510,16.7,29.4,verified autonomous action
6511,16.7,29.4,verified autonomous action
6512,16.7,29.4,verified autonomous action
6513,16.7,29.4,verified autonomous action
6514,16.7,29.4,verified autonomous action
6515,16.7,29.4,verified autonomous action
6516,16.7,29.4,verified autonomous action
6517,16.7,29.4,verified autonomous action
6518,16.7,29.4,verified autonomous action
6519,16.7,29.4,verified autonomous action
6520,16.7,29.4,verified autonomous action
6521,22.0,24.0,verified autonomous action
6522,22.0,24.0,verified autonomous action
6523,22.0,24.0,verified autonomous action
6524,22.0,24.0,verified autonomous action
6525,22.0,24.0,verified autonomous action
6526,22.0,24.0,verified autonomous action
6527,22.0,24.0,verified autonomous action
6528,22.0,24.0,verified autonomous action
6529,22.0,24.0,verified autonomous action
6530,22.0,24.0,verified autonomous action
6531,22.0,24.0,verified autonomous action
6532,22.0,24.0,verified autonomous action
6533,22.0,24.0,verified autonomous action
6534,22.0,24.0,verified autonomous action
6535,16.7,29.4,verified autonomous action
6536,16.7,29.4,verified autonomous action
6537,16.7,29.4,verified autonomous action
6538,16.7,29.4,verified autonomous action
6539,16.7,29.4,verified autonomous action
6540,16.7,29.4,verified autonomous action
6541,16.7,29.4,verified autonomous action
6542,16.7,29.4,verified autonomous action
6543,16.7,29.4,verified autonomous action
6544,16.7,29.4,verified autonomous action
6545,16.7,29.4,verified autonomous action
6546,22.0,24.0,verified autonomous action
6547,22.0,24.0,verified autonomous action
6548,22.0,24.0,verified autonomous action
6549,22.0,24.0,verified autonomous action
6550,22.0,24.0,verified autonomous action
6551,22.0,24.0,verified autonomous action
6552,22.0,24.0,verified autonomous action
6553,22.0,24.0,verified autonomous action
6554,22.0,24.0,verified autonomous action
6555,22.0,24.0,verified autonomous action
6556,22.0,24.0,verified autonomous action
6557,22.0,24.0,verified autonomous action
6558,22.0,24.0,verified autonomous action
6559,22.0,24.0,verified autonomous action
6560,16.7,29.4,verified autonomous action
6561,16.7,29.4,verified autonomous action
6562,16.7,29.4,verified autonomous action
6563,16.7,29.4,verified autonomous action
6564,16.7,29.4,verified autonomous action
6565,16.7,29.4,verified autonomous action
6566,16.7,29.4,verified autonomous action
6567,16.7,29.4,verified autonomous action
6568,16.7,29.4,verified autonomous action
6569,16.7,29.4,verified autonomous action
6570,22.0,24.0,verified autonomous action
6571,22.0,24.0,verified autonomous action
6572,22.0,24.0,verified autonomous action
6573,22.0,24.0,verified autonomous action
6574,22.0,24.0,verified autonomous action
6575,22.0,24.0,verified autonomous action
6576,22.0,24.0,verified autonomous action
6577,22.0,24.0,verified autonomous action
6578,22.0,24.0,verified autonomous action
6579,22.0,24.0,verified autonomous action
6580,22.0,24.0,verified autonomous action
6581,22.0,24.0,verified autonomous action
6582,22.0,24.0,verified autonomous action
6583,22.0,24.0,verified autonomous action
6584,16.7,29.4,verified autonomous action
6585,16.7,29.4,verified autonomous action
6586,16.7,29.4,verified autonomous action
6587,16.7,29.4,verified autonomous action
6588,16.7,29.4,verified autonomous action
6589,16.7,29.4,verified autonomous action
6590,16.7,29.4,verified autonomous action
6591,16.7,29.4,verified autonomous action
6592,16.7,29.4,verified autonomous action
6593,16.7,29.4,verified autonomous action
6594,22.0,24.0,verified autonomous action
6595,22.0,24.0,verified autonomous action
6596,22.0,24.0,verified autonomous action
6597,22.0,24.0,verified autonomous action
6598,22.0,24.0,verified autonomous action
6599,22.0,24.0,verified autonomous action
6600,22.0,24.0,verified autonomous action
6601,22.0,24.0,verified autonomous action
6602,22.0,24.0,verified autonomous action
6603,22.0,24.0,verified autonomous action
6604,22.0,24.0,verified autonomous action
6605,22.0,24.0,verified autonomous action
6606,22.0,24.0,verified autonomous action
6607,22.0,24.0,verified autonomous action
6608,16.7,29.4,verified autonomous action
6609,16.7,29.4,verified autonomous action
6610,16.7,29.4,verified autonomous action
6611,16.7,29.4,verified autonomous action
6612,16.7,29.4,verified autonomous action
6613,16.7,29.4,verified autonomous action
6614,16.7,29.4,verified autonomous action
6615,16.7,29.4,verified autonomous action
6616,16.7,29.4,verified autonomous action
6617,16.7,29.4,verified autonomous action
6618,22.0,24.0,verified autonomous action
6619,22.0,24.0,verified autonomous action
6620,22.0,24.0,verified autonomous action
6621,22.0,24.0,verified autonomous action
6622,22.0,24.0,verified autonomous action
6623,22.0,24.0,verified autonomous action
6624,22.0,24.0,verified autonomous action
6625,22.0,24.0,verified autonomous action
6626,22.0,24.0,verified autonomous action
6627,22.0,24.0,verified autonomous action
6628,22.0,24.0,verified autonomous action
6629,22.0,24.0,verified autonomous action
6630,22.0,24.0,verified autonomous action
6631,22.0,24.0,verified autonomous action
6632,16.7,29.4,verified autonomous action
6633,16.7,29.4,verified autonomous action
6634,16.7,29.4,verified autonomous action
6635,16.7,29.4,verified autonomous action
6636,16.7,29.4,verified autonomous action
6637,16.7,29.4,verified autonomous action
6638,16.7,29.4,verified autonomous action
6639,16.7,29.4,verified autonomous action
6640,16.7,29.4,verified autonomous action
6641,16.7,29.4,verified autonomous action
6642,16.7,29.4,verified autonomous action
6643,16.7,29.4,verified autonomous action
6644,16.7,29.4,verified autonomous action
6645,16.7,29.4,verified autonomous action
6646,16.7,29.4,verified autonomous action
6647,16.7,29.4,verified autonomous action
6648,16.7,29.4,verified autonomous action
6649,16.7,29.4,verified autonomous action
6650,16.7,29.4,verified autonomous action
6651,16.7,29.4,verified autonomous action
6652,16.7,29.4,verified autonomous action
6653,16.7,29.4,verified autonomous action
6654,16.7,29.4,verified autonomous action
6655,16.7,29.4,verified autonomous action
6656,16.7,29.4,verified autonomous action
6657,16.7,29.4,verified autonomous action
6658,16.7,29.4,verified autonomous action
6659,16.7,29.4,verified autonomous action
6660,16.7,29.4,verified autonomous action
6661,16.7,29.4,verified autonomous action
6662,16.7,29.4,verified autonomous action
6663,16.7,29.4,verified autonomous action
6664,16.7,29.4,verified autonomous action
6665,16.7,29.4,verified autonomous action
6666,16.7,29.4,verified autonomous action
6667,16.7,29.4,verified autonomous action
6668,16.7,29.4,verified autonomous action
6669,16.7,29.4,verified autonomous action
6670,16.7,29.4,verified autonomous action
6671,16.7,29.4,verified autonomous action
6672,16.7,29.4,verified autonomous action
6673,16.7,29.4,verified autonomous action
6674,16.7,29.4,verified autonomous action
6675,16.7,29.4,verified autonomous action
6676,16.7,29.4,verified autonomous action
6677,16.7,29.4,verified autonomous action
6678,16.7,29.4,verified autonomous action
6679,16.7,29.4,verified autonomous action
6680,16.7,29.4,verified autonomous action
6681,16.7,29.4,verified autonomous action
6682,16.7,29.4,verified autonomous action
6683,16.7,29.4,verified autonomous action
6684,16.7,29.4,verified autonomous action
6685,16.7,29.4,verified autonomous action
6686,16.7,29.4,verified autonomous action
6687,16.7,29.4,verified autonomous action
6688,16.7,29.4,verified autonomous action
6689,16.7,29.4,verified autonomous action
6690,22.0,24.0,verified autonomous action
6691,22.0,24.0,verified autonomous action
6692,22.0,24.0,verified autonomous action
6693,22.0,24.0,verified autonomous action
6694,22.0,24.0,verified autonomous action
6695,22.0,24.0,verified autonomous action
6696,22.0,24.0,verified autonomous action
6697,22.0,24.0,verified autonomous action
6698,22.0,24.0,verified autonomous action
6699,22.0,24.0,verified autonomous action
6700,22.0,24.0,verified autonomous action
6701,22.0,24.0,verified autonomous action
6702,22.0,24.0,verified autonomous action
6703,22.0,24.0,verified autonomous action
6704,16.7,29.4,verified autonomous action
6705,16.7,29.4,verified autonomous action
6706,16.7,29.4,verified autonomous action
6707,16.7,29.4,verified autonomous action
6708,16.7,29.4,verified autonomous action
6709,16.7,29.4,verified autonomous action
6710,16.7,29.4,verified autonomous action
6711,16.7,29.4,verified autonomous action
6712,16.7,29.4,verified autonomous action
6713,16.7,29.4,verified autonomous action
6714,16.7,29.4,verified autonomous action
6715,22.0,24.0,verified autonomous action
6716,22.0,24.0,verified autonomous action
6717,22.0,24.0,verified autonomous action
6718,22.0,24.0,verified autonomous action
6719,22.0,24.0,verified autonomous action
6720,22.0,24.0,verified autonomous action
6721,22.0,24.0,verified autonomous action
6722,22.0,24.0,verified autonomous action
6723,22.0,24.0,verified autonomous action
6724,22.0,24.0,verified autonomous action
6725,22.0,24.0,verified autonomous action
6726,22.0,24.0,verified autonomous action
6727,22.0,24.0,verified autonomous action
6728,22.0,24.0,verified autonomous action
6729,16.7,29.4,verified autonomous action
6730,16.7,29.4,verified autonomous action
6731,16.7,29.4,verified autonomous action
6732,16.7,29.4,verified autonomous action
6733,16.7,29.4,verified autonomous action
6734,16.7,29.4,verified autonomous action
6735,16.7,29.4,verified autonomous action
6736,16.7,29.4,verified autonomous action
6737,16.7,29.4,verified autonomous action
6738,16.7,29.4,verified autonomous action
6739,22.0,24.0,verified autonomous action
6740,22.0,24.0,verified autonomous action
6741,22.0,24.0,verified autonomous action
6742,22.0,24.0,verified autonomous action
6743,22.0,24.0,verified autonomous action
6744,22.0,24.0,verified autonomous action
6745,22.0,24.0,verified autonomous action
6746,22.0,24.0,verified autonomous action
6747,22.0,24.0,verified autonomous action
6748,22.0,24.0,verified autonomous action
6749,22.0,24.0,verified autonomous action
6750,22.0,24.0,verified autonomous action
6751,22.0,24.0,verified autonomous action
6752,22.0,24.0,verified autonomous action
6753,16.7,29.4,verified autonomous action
6754,16.7,29.4,verified autonomous action
6755,16.7,29.4,verified autonomous action
6756,16.7,29.4,verified autonomous action
6757,16.7,29.4,verified autonomous action
6758,16.7,29.4,verified autonomous action
6759,16.7,29.4,verified autonomous action
6760,16.7,29.4,verified autonomous action
6761,16.7,29.4,verified autonomous action
6762,16.7,29.4,verified autonomous action
6763,22.0,24.0,verified autonomous action
6764,22.0,24.0,verified autonomous action
6765,22.0,24.0,verified autonomous action
6766,22.0,24.0,verified autonomous action
6767,22.0,24.0,verified autonomous action
6768,22.0,24.0,verified autonomous action
6769,22.0,24.0,verified autonomous action
6770,22.0,24.0,verified autonomous action
6771,22.0,24.0,verified autonomous action
6772,22.0,24.0,verified autonomous action
6773,22.0,24.0,verified autonomous action
6774,22.0,24.0,verified autonomous action
6775,22.0,24.0,verified autonomous action
6776,22.0,24.0,verified autonomous action
6777,16.7,29.4,verified autonomous action
6778,16.7,29.4,verified autonomous action
6779,16.7,29.4,verified autonomous action
6780,16.7,29.4,verified autonomous action
6781,16.7,29.4,verified autonomous action
6782,16.7,29.4,verified autonomous action
6783,16.7,29.4,verified autonomous action
6784,16.7,29.4,verified autonomous action
6785,16.7,29.4,verified autonomous action
6786,16.7,29.4,verified autonomous action
6787,22.0,24.0,verified autonomous action
6788,22.0,24.0,verified autonomous action
6789,22.0,24.0,verified autonomous action
6790,22.0,24.0,verified autonomous action
6791,22.0,24.0,verified autonomous action
6792,22.0,24.0,verified autonomous action
6793,22.0,24.0,verified autonomous action
6794,22.0,24.0,verified autonomous action
6795,22.0,24.0,verified autonomous action
6796,22.0,24.0,verified autonomous action
6797,22.0,24.0,verified autonomous action
6798,22.0,24.0,verified autonomous action
6799,22.0,24.0,verified autonomous action
6800,22.0,24.0,verified autonomous action
6801,16.7,29.4,verified autonomous action
6802,16.7,29.4,verified autonomous action
6803,16.7,29.4,verified autonomous action
6804,16.7,29.4,verified autonomous action
6805,16.7,29.4,verified autonomous action
6806,16.7,29.4,verified autonomous action
6807,16.7,29.4,verified autonomous action
6808,16.7,29.4,verified autonomous action
6809,16.7,29.4,verified autonomous action
6810,16.7,29.4,verified autonomous action
6811,16.7,29.4,verified autonomous action
6812,16.7,29.4,verified autonomous action
6813,16.7,29.4,verified autonomous action
6814,16.7,29.4,verified autonomous action
6815,16.7,29.4,verified autonomous action
6816,16.7,29.4,verified autonomous action
6817,16.7,29.4,verified autonomous action
6818,16.7,29.4,verified autonomous action
6819,16.7,29.4,verified autonomous action
6820,16.7,29.4,verified autonomous action
6821,16.7,29.4,verified autonomous action
6822,16.7,29.4,verified autonomous action
6823,16.7,29.4,verified autonomous action
6824,16.7,29.4,verified autonomous action
6825,16.7,29.4,verified autonomous action
6826,16.7,29.4,verified autonomous action
6827,16.7,29.4,verified autonomous action
6828,16.7,29.4,verified autonomous action
6829,16.7,29.4,verified autonomous action
6830,16.7,29.4,verified autonomous action
6831,16.7,29.4,verified autonomous action
6832,16.7,29.4,verified autonomous action
6833,16.7,29.4,verified autonomous action
6834,16.7,29.4,verified autonomous action
6835,16.7,29.4,verified autonomous action
6836,16.7,29.4,verified autonomous action
6837,16.7,29.4,verified autonomous action
6838,16.7,29.4,verified autonomous action
6839,16.7,29.4,verified autonomous action
6840,16.7,29.4,verified autonomous action
6841,16.7,29.4,verified autonomous action
6842,16.7,29.4,verified autonomous action
6843,16.7,29.4,verified autonomous action
6844,16.7,29.4,verified autonomous action
6845,16.7,29.4,verified autonomous action
6846,16.7,29.4,verified autonomous action
6847,16.7,29.4,verified autonomous action
6848,16.7,29.4,verified autonomous action
6849,16.7,29.4,verified autonomous action
6850,16.7,29.4,verified autonomous action
6851,16.7,29.4,verified autonomous action
6852,16.7,29.4,verified autonomous action
6853,16.7,29.4,verified autonomous action
6854,16.7,29.4,verified autonomous action
6855,16.7,29.4,verified autonomous action
6856,16.7,29.4,verified autonomous action
6857,16.7,29.4,verified autonomous action
6858,16.7,29.4,verified autonomous action
6859,22.0,24.0,verified autonomous action
6860,22.0,24.0,verified autonomous action
6861,22.0,24.0,verified autonomous action
6862,22.0,24.0,verified autonomous action
6863,22.0,24.0,verified autonomous action
6864,22.0,24.0,verified autonomous action
6865,22.0,24.0,verified autonomous action
6866,22.0,24.0,verified autonomous action
6867,22.0,24.0,verified autonomous action
6868,22.0,24.0,verified autonomous action
6869,22.0,24.0,verified autonomous action
6870,22.0,24.0,verified autonomous action
6871,22.0,24.0,verified autonomous action
6872,22.0,24.0,verified autonomous action
6873,16.7,29.4,verified autonomous action
6874,16.7,29.4,verified autonomous action
6875,16.7,29.4,verified autonomous action
6876,16.7,29.4,verified autonomous action
6877,16.7,29.4,verified autonomous action
6878,16.7,29.4,verified autonomous action
6879,16.7,29.4,verified autonomous action
6880,16.7,29.4,verified autonomous action
6881,16.7,29.4,verified autonomous action
6882,16.7,29.4,verified autonomous action
6883,16.7,29.4,verified autonomous action
6884,22.0,24.0,verified autonomous action
6885,22.0,24.0,verified autonomous action
6886,22.0,24.0,verified autonomous action
6887,22.0,24.0,verified autonomous action
6888,22.0,24.0,verified autonomous action
6889,22.0,24.0,verified autonomous action
6890,22.0,24.0,verified autonomous action
6891,22.0,24.0,verified autonomous action
6892,22.0,24.0,verified autonomous action
6893,22.0,24.0,verified autonomous action
6894,22.0,24.0,verified autonomous action
6895,22.0,24.0,verified autonomous action
6896,22.0,24.0,verified autonomous action
6897,22.0,24.0,verified autonomous action
6898,16.7,29.4,verified autonomous action
6899,16.7,29.4,verified autonomous action
6900,16.7,29.4,verified autonomous action
6901,16.7,29.4,verified autonomous action
6902,16.7,29.4,verified autonomous action
6903,16.7,29.4,verified autonomous action
6904,16.7,29.4,verified autonomous action
6905,16.7,29.4,verified autonomous action
6906,16.7,29.4,verified autonomous action
6907,16.7,29.4,verified autonomous action
6908,22.0,24.0,verified autonomous action
6909,22.0,24.0,verified autonomous action
6910,22.0,24.0,verified autonomous action
6911,22.0,24.0,verified autonomous action
6912,22.0,24.0,verified autonomous action
6913,22.0,24.0,verified autonomous action
6914,22.0,24.0,verified autonomous action
6915,22.0,24.0,verified autonomous action
6916,22.0,24.0,verified autonomous action
6917,22.0,24.0,verified autonomous action
6918,22.0,24.0,verified autonomous action
6919,22.0,24.0,verified autonomous action
6920,22.0,24.0,verified autonomous action
6921,22.0,24.0,verified autonomous action
6922,16.7,29.4,verified autonomous action
6923,16.7,29.4,verified autonomous action
6924,16.7,29.4,verified autonomous action
6925,16.7,29.4,verified autonomous action
6926,16.7,29.4,verified autonomous action
6927,16.7,29.4,verified autonomous action
6928,16.7,29.4,verified autonomous action
6929,16.7,29.4,verified autonomous action
6930,16.7,29.4,verified autonomous action
6931,16.7,29.4,verified autonomous action
6932,22.0,24.0,verified autonomous action
6933,22.0,24.0,verified autonomous action
6934,22.0,24.0,verified autonomous action
6935,22.0,24.0,verified autonomous action
6936,22.0,24.0,verified autonomous action
6937,22.0,24.0,verified autonomous action
6938,22.0,24.0,verified autonomous action
6939,22.0,24.0,verified autonomous action
6940,22.0,24.0,verified autonomous action
6941,22.0,24.0,verified autonomous action
6942,22.0,24.0,verified autonomous action
6943,22.0,24.0,verified autonomous action
6944,22.0,24.0,verified autonomous action
6945,22.0,24.0,verified autonomous action
6946,16.7,29.4,verified autonomous action
6947,16.7,29.4,verified autonomous action
6948,16.7,29.4,verified autonomous action
6949,16.7,29.4,verified autonomous action
6950,16.7,29.4,verified autonomous action
6951,16.7,29.4,verified autonomous action
6952,16.7,29.4,verified autonomous action
6953,16.7,29.4,verified autonomous action
6954,16.7,29.4,verified autonomous action
6955,16.7,29.4,verified autonomous action
6956,22.0,24.0,verified autonomous action
6957,22.0,24.0,verified autonomous action
6958,22.0,24.0,verified autonomous action
6959,22.0,24.0,verified autonomous action
6960,22.0,24.0,verified autonomous action
6961,22.0,24.0,verified autonomous action
6962,22.0,24.0,verified autonomous action
6963,22.0,24.0,verified autonomous action
6964,22.0,24.0,verified autonomous action
6965,22.0,24.0,verified autonomous action
6966,22.0,24.0,verified autonomous action
6967,22.0,24.0,verified autonomous action
6968,22.0,24.0,verified autonomous action
6969,22.0,24.0,verified autonomous action
6970,16.7,29.4,verified autonomous action
6971,16.7,29.4,verified autonomous action
6972,16.7,29.4,verified autonomous action
6973,16.7,29.4,verified autonomous action
6974,16.7,29.4,verified autonomous action
6975,16.7,29.4,verified autonomous action
6976,16.7,29.4,verified autonomous action
6977,16.7,29.4,verified autonomous action
6978,16.7,29.4,verified autonomous action
6979,16.7,29.4,verified autonomous action
6980,16.7,29.4,verified autonomous action
6981,16.7,29.4,verified autonomous action
6982,16.7,29.4,verified autonomous action
6983,16.7,29.4,verified autonomous action
6984,16.7,29.4,verified autonomous action
6985,16.7,29.4,verified autonomous action
6986,16.7,29.4,verified autonomous action
6987,16.7,29.4,verified autonomous action
6988,16.7,29.4,verified autonomous action
6989,16.7,29.4,verified autonomous action
6990,16.7,29.4,verified autonomous action
6991,16.7,29.4,verified autonomous action
6992,16.7,29.4,verified autonomous action
6993,16.7,29.4,verified autonomous action
6994,16.7,29.4,verified autonomous action
6995,16.7,29.4,verified autonomous action
6996,16.7,29.4,verified autonomous action
6997,16.7,29.4,verified autonomous action
6998,16.7,29.4,verified autonomous action
6999,16.7,29.4,verified autonomous action
7000,16.7,29.4,verified autonomous action
7001,16.7,29.4,verified autonomous action
7002,16.7,29.4,verified autonomous action
7003,16.7,29.4,verified autonomous action
7004,16.7,29.4,verified autonomous action
7005,16.7,29.4,verified autonomous action
7006,16.7,29.4,verified autonomous action
7007,16.7,29.4,verified autonomous action
7008,16.7,29.4,verified autonomous action
7009,16.7,29.4,verified autonomous action
7010,16.7,29.4,verified autonomous action
7011,16.7,29.4,verified autonomous action
7012,16.7,29.4,verified autonomous action
7013,16.7,29.4,verified autonomous action
7014,16.7,29.4,verified autonomous action
7015,16.7,29.4,verified autonomous action
7016,16.7,29.4,verified autonomous action
7017,16.7,29.4,verified autonomous action
7018,16.7,29.4,verified autonomous action
7019,16.7,29.4,verified autonomous action
7020,16.7,29.4,verified autonomous action
7021,16.7,29.4,verified autonomous action
7022,16.7,29.4,verified autonomous action
7023,16.7,29.4,verified autonomous action
7024,16.7,29.4,verified autonomous action
7025,16.7,29.4,verified autonomous action
7026,16.7,29.4,verified autonomous action
7027,16.7,29.4,verified autonomous action
7028,22.0,24.0,verified autonomous action
7029,22.0,24.0,verified autonomous action
7030,22.0,24.0,verified autonomous action
7031,22.0,24.0,verified autonomous action
7032,22.0,24.0,verified autonomous action
7033,22.0,24.0,verified autonomous action
7034,22.0,24.0,verified autonomous action
7035,22.0,24.0,verified autonomous action
7036,22.0,24.0,verified autonomous action
7037,22.0,24.0,verified autonomous action
7038,22.0,24.0,verified autonomous action
7039,22.0,24.0,verified autonomous action
7040,22.0,24.0,verified autonomous action
7041,22.0,24.0,verified autonomous action
7042,16.7,29.4,verified autonomous action
7043,16.7,29.4,verified autonomous action
7044,16.7,29.4,verified autonomous action
7045,16.7,29.4,verified autonomous action
7046,16.7,29.4,verified autonomous action
7047,16.7,29.4,verified autonomous action
7048,16.7,29.4,verified autonomous action
7049,16.7,29.4,verified autonomous action
7050,16.7,29.4,verified autonomous action
7051,16.7,29.4,verified autonomous action
7052,16.7,29.4,verified autonomous action
7053,22.0,24.0,verified autonomous action
7054,22.0,24.0,verified autonomous action
7055,22.0,24.0,verified autonomous action
7056,22.0,24.0,verified autonomous action
7057,22.0,24.0,verified autonomous action
7058,22.0,24.0,verified autonomous action
7059,22.0,24.0,verified autonomous action
7060,22.0,24.0,verified autonomous action
7061,22.0,24.0,verified autonomous action
7062,22.0,24.0,verified autonomous action
7063,22.0,24.0,verified autonomous action
7064,22.0,24.0,verified autonomous action
7065,22.0,24.0,verified autonomous action
7066,22.0,24.0,verified autonomous action
7067,16.7,29.4,verified autonomous action
7068,16.7,29.4,verified autonomous action
7069,16.7,29.4,verified autonomous action
7070,16.7,29.4,verified autonomous action
7071,16.7,29.4,verified autonomous action
7072,16.7,29.4,verified autonomous action
7073,16.7,29.4,verified autonomous action
7074,16.7,29.4,verified autonomous action
7075,16.7,29.4,verified autonomous action
7076,16.7,29.4,verified autonomous action
7077,22.0,24.0,verified autonomous action
7078,22.0,24.0,verified autonomous action
7079,22.0,24.0,verified autonomous action
7080,22.0,24.0,verified autonomous action
7081,22.0,24.0,verified autonomous action
7082,22.0,24.0,verified autonomous action
7083,22.0,24.0,verified autonomous action
7084,22.0,24.0,verified autonomous action
7085,22.0,24.0,verified autonomous action
7086,22.0,24.0,verified autonomous action
7087,22.0,24.0,verified autonomous action
7088,22.0,24.0,verified autonomous action
7089,22.0,24.0,verified autonomous action
7090,22.0,24.0,verified autonomous action
7091,16.7,29.4,verified autonomous action
7092,16.7,29.4,verified autonomous action
7093,16.7,29.4,verified autonomous action
7094,16.7,29.4,verified autonomous action
7095,16.7,29.4,verified autonomous action
7096,16.7,29.4,verified autonomous action
7097,16.7,29.4,verified autonomous action
7098,16.7,29.4,verified autonomous action
7099,16.7,29.4,verified autonomous action
7100,16.7,29.4,verified autonomous action
7101,22.0,24.0,verified autonomous action
7102,22.0,24.0,verified autonomous action
7103,22.0,24.0,verified autonomous action
7104,22.0,24.0,verified autonomous action
7105,22.0,24.0,verified autonomous action
7106,22.0,24.0,verified autonomous action
7107,22.0,24.0,verified autonomous action
7108,22.0,24.0,verified autonomous action
7109,22.0,24.0,verified autonomous action
7110,22.0,24.0,verified autonomous action
7111,22.0,24.0,verified autonomous action
7112,22.0,24.0,verified autonomous action
7113,22.0,24.0,verified autonomous action
7114,22.0,24.0,verified autonomous action
7115,16.7,29.4,verified autonomous action
7116,16.7,29.4,verified autonomous action
7117,16.7,29.4,verified autonomous action
7118,16.7,29.4,verified autonomous action
7119,16.7,29.4,verified autonomous action
7120,16.7,29.4,verified autonomous action
7121,16.7,29.4,verified autonomous action
7122,16.7,29.4,verified autonomous action
7123,16.7,29.4,verified autonomous action
7124,16.7,29.4,verified autonomous action
7125,22.0,24.0,verified autonomous action
7126,22.0,24.0,verified autonomous action
7127,22.0,24.0,verified autonomous action
7128,22.0,24.0,verified autonomous action
7129,22.0,24.0,verified autonomous action
7130,22.0,24.0,verified autonomous action
7131,22.0,24.0,verified autonomous action
7132,22.0,24.0,verified autonomous action
7133,22.0,24.0,verified autonomous action
7134,22.0,24.0,verified autonomous action
7135,22.0,24.0,verified autonomous action
7136,22.0,24.0,verified autonomous action
7137,22.0,24.0,verified autonomous action
7138,22.0,24.0,verified autonomous action
7139,16.7,29.4,verified autonomous action
7140,16.7,29.4,verified autonomous action
7141,16.7,29.4,verified autonomous action
7142,16.7,29.4,verified autonomous action
7143,16.7,29.4,verified autonomous action
7144,16.7,29.4,verified autonomous action
7145,16.7,29.4,verified autonomous action
7146,16.7,29.4,verified autonomous action
7147,16.7,29.4,verified autonomous action
7148,16.7,29.4,verified autonomous action
7149,16.7,29.4,verified autonomous action
7150,16.7,29.4,verified autonomous action
7151,16.7,29.4,verified autonomous action
7152,16.7,29.4,verified autonomous action
7153,16.7,29.4,verified autonomous action
7154,16.7,29.4,verified autonomous action
7155,16.7,29.4,verified autonomous action
7156,16.7,29.4,verified autonomous action
7157,16.7,29.4,verified autonomous action
7158,16.7,29.4,verified autonomous action
7159,16.7,29.4,verified autonomous action
7160,16.7,29.4,verified autonomous action
7161,16.7,29.4,verified autonomous action
7162,16.7,29.4,verified autonomous action
7163,16.7,29.4,verified autonomous action
7164,16.7,29.4,verified autonomous action
7165,16.7,29.4,verified autonomous action
7166,16.7,29.4,verified autonomous action
7167,16.7,29.4,verified autonomous action
7168,16.7,29.4,verified autonomous action
7169,16.7,29.4,verified autonomous action
7170,16.7,29.4,verified autonomous action
7171,16.7,29.4,verified autonomous action
7172,16.7,29.4,verified autonomous action
7173,16.7,29.4,verified autonomous action
7174,16.7,29.4,verified autonomous action
7175,16.7,29.4,verified autonomous action
7176,16.7,29.4,verified autonomous action
7177,16.7,29.4,verified autonomous action
7178,16.7,29.4,verified autonomous action
7179,16.7,29.4,verified autonomous action
7180,16.7,29.4,verified autonomous action
7181,16.7,29.4,verified autonomous action
7182,16.7,29.4,verified autonomous action
7183,16.7,29.4,verified autonomous action
7184,16.7,29.4,verified autonomous action
7185,16.7,29.4,verified autonomous action
7186,16.7,29.4,verified autonomous action
7187,16.7,29.4,verified autonomous action
7188,16.7,29.4,verified autonomous action
7189,16.7,29.4,verified autonomous action
7190,16.7,29.4,verified autonomous action
7191,16.7,29.4,verified autonomous action
7192,16.7,29.4,verified autonomous action
7193,16.7,29.4,verified autonomous action
7194,16.7,29.4,verified autonomous action
7195,16.7,29.4,verified autonomous action
7196,16.7,29.4,verified autonomous action
7197,22.0,24.0,verified autonomous action
7198,22.0,24.0,verified autonomous action
7199,22.0,24.0,verified autonomous action
7200,22.0,24.0,verified autonomous action
7201,22.0,24.0,verified autonomous action
7202,22.0,24.0,verified autonomous action
7203,22.0,24.0,verified autonomous action
7204,22.0,24.0,verified autonomous action
7205,22.0,24.0,verified autonomous action
7206,22.0,24.0,verified autonomous action
7207,22.0,24.0,verified autonomous action
7208,22.0,24.0,verified autonomous action
7209,22.0,24.0,verified autonomous action
7210,22.0,24.0,verified autonomous action
7211,16.7,29.4,verified autonomous action
7212,16.7,29.4,verified autonomous action
7213,16.7,29.4,verified autonomous action
7214,16.7,29.4,verified autonomous action
7215,16.7,29.4,verified autonomous action
7216,16.7,29.4,verified autonomous action
7217,16.7,29.4,verified autonomous action
7218,16.7,29.4,verified autonomous action
7219,16.7,29.4,verified autonomous action
7220,16.7,29.4,verified autonomous action
7221,16.7,29.4,verified autonomous action
7222,22.0,24.0,verified autonomous action
7223,22.0,24.0,verified autonomous action
7224,22.0,24.0,verified autonomous action
7225,22.0,24.0,verified autonomous action
7226,22.0,24.0,verified autonomous action
7227,22.0,24.0,verified autonomous action
7228,22.0,24.0,verified autonomous action
7229,22.0,24.0,verified autonomous action
7230,22.0,24.0,verified autonomous action
7231,22.0,24.0,verified autonomous action
7232,22.0,24.0,verified autonomous action
7233,22.0,24.0,verified autonomous action
7234,22.0,24.0,verified autonomous action
7235,22.0,24.0,verified autonomous action
7236,16.7,29.4,verified autonomous action
7237,16.7,29.4,verified autonomous action
7238,16.7,29.4,verified autonomous action
7239,16.7,29.4,verified autonomous action
7240,16.7,29.4,verified autonomous action
7241,16.7,29.4,verified autonomous action
7242,16.7,29.4,verified autonomous action
7243,16.7,29.4,verified autonomous action
7244,16.7,29.4,verified autonomous action
7245,16.7,29.4,verified autonomous action
7246,22.0,24.0,verified autonomous action
7247,22.0,24.0,verified autonomous action
7248,22.0,24.0,verified autonomous action
7249,22.0,24.0,verified autonomous action
7250,22.0,24.0,verified autonomous action
7251,22.0,24.0,verified autonomous action
7252,22.0,24.0,verified autonomous action
7253,22.0,24.0,verified autonomous action
7254,22.0,24.0,verified autonomous action
7255,22.0,24.0,verified autonomous action
7256,22.0,24.0,verified autonomous action
7257,22.0,24.0,verified autonomous action
7258,22.0,24.0,verified autonomous action
7259,22.0,24.0,verified autonomous action
7260,16.7,29.4,verified autonomous action
7261,16.7,29.4,verified autonomous action
7262,16.7,29.4,verified autonomous action
7263,16.7,29.4,verified autonomous action
7264,16.7,29.4,verified autonomous action
7265,16.7,29.4,verified autonomous action
7266,16.7,29.4,verified autonomous action
7267,16.7,29.4,verified autonomous action
7268,16.7,29.4,verified autonomous action
7269,16.7,29.4,verified autonomous action
7270,22.0,24.0,verified autonomous action
7271,22.0,24.0,verified autonomous action
7272,22.0,24.0,verified autonomous action
7273,22.0,24.0,verified autonomous action
7274,22.0,24.0,verified autonomous action
7275,22.0,24.0,verified autonomous action
7276,22.0,24.0,verified autonomous action
7277,22.0,24.0,verified autonomous action
7278,22.0,24.0,verified autonomous action
7279,22.0,24.0,verified autonomous action
7280,22.0,24.0,verified autonomous action
7281,22.0,24.0,verified autonomous action
7282,22.0,24.0,verified autonomous action
7283,22.0,24.0,verified autonomous action
7284,16.7,29.4,verified autonomous action
7285,16.7,29.4,verified autonomous action
7286,16.7,29.4,verified autonomous action
7287,16.7,29.4,verified autonomous action
7288,16.7,29.4,verified autonomous action
7289,16.7,29.4,verified autonomous action
7290,16.7,29.4,verified autonomous action
7291,16.7,29.4,verified autonomous action
7292,16.7,29.4,verified autonomous action
7293,16.7,29.4,verified autonomous action
7294,22.0,24.0,verified autonomous action
7295,22.0,24.0,verified autonomous action
7296,22.0,24.0,verified autonomous action
7297,22.0,24.0,verified autonomous action
7298,22.0,24.0,verified autonomous action
7299,22.0,24.0,verified autonomous action
7300,22.0,24.0,verified autonomous action
7301,22.0,24.0,verified autonomous action
7302,22.0,24.0,verified autonomous action
7303,22.0,24.0,verified autonomous action
7304,22.0,24.0,verified autonomous action
7305,22.0,24.0,verified autonomous action
7306,22.0,24.0,verified autonomous action
7307,22.0,24.0,verified autonomous action
7308,16.7,29.4,verified autonomous action
7309,16.7,29.4,verified autonomous action
7310,16.7,29.4,verified autonomous action
7311,16.7,29.4,verified autonomous action
7312,16.7,29.4,verified autonomous action
7313,16.7,29.4,verified autonomous action
7314,16.7,29.4,verified autonomous action
7315,16.7,29.4,verified autonomous action
7316,16.7,29.4,verified autonomous action
7317,16.7,29.4,verified autonomous action
7318,16.7,29.4,verified autonomous action
7319,16.7,29.4,verified autonomous action
7320,16.7,29.4,verified autonomous action
7321,16.7,29.4,verified autonomous action
7322,16.7,29.4,verified autonomous action
7323,16.7,29.4,verified autonomous action
7324,16.7,29.4,verified autonomous action
7325,16.7,29.4,verified autonomous action
7326,16.7,29.4,verified autonomous action
7327,16.7,29.4,verified autonomous action
7328,16.7,29.4,verified autonomous action
7329,16.7,29.4,verified autonomous action
7330,16.7,29.4,verified autonomous action
7331,16.7,29.4,verified autonomous action
7332,16.7,29.4,verified autonomous action
7333,16.7,29.4,verified autonomous action
7334,16.7,29.4,verified autonomous action
7335,16.7,29.4,verified autonomous action
7336,16.7,29.4,verified autonomous action
7337,16.7,29.4,verified autonomous action
7338,16.7,29.4,verified autonomous action
7339,16.7,29.4,verified autonomous action
7340,16.7,29.4,verified autonomous action
7341,16.7,29.4,verified autonomous action
7342,16.7,29.4,verified autonomous action
7343,16.7,29.4,verified autonomous action
7344,16.7,29.4,verified autonomous action
7345,16.7,29.4,verified autonomous action
7346,16.7,29.4,verified autonomous action
7347,16.7,29.4,verified autonomous action
7348,16.7,29.4,verified autonomous action
7349,16.7,29.4,verified autonomous action
7350,16.7,29.4,verified autonomous action
7351,16.7,29.4,verified autonomous action
7352,16.7,29.4,verified autonomous action
7353,16.7,29.4,verified autonomous action
7354,16.7,29.4,verified autonomous action
7355,16.7,29.4,verified autonomous action
7356,16.7,29.4,verified autonomous action
7357,16.7,29.4,verified autonomous action
7358,16.7,29.4,verified autonomous action
7359,16.7,29.4,verified autonomous action
7360,16.7,29.4,verified autonomous action
7361,16.7,29.4,verified autonomous action
7362,16.7,29.4,verified autonomous action
7363,16.7,29.4,verified autonomous action
7364,16.7,29.4,verified autonomous action
7365,16.7,29.4,verified autonomous action
7366,22.0,24.0,verified autonomous action
7367,22.0,24.0,verified autonomous action
7368,22.0,24.0,verified autonomous action
7369,22.0,24.0,verified autonomous action
7370,22.0,24.0,verified autonomous action
7371,22.0,24.0,verified autonomous action
7372,22.0,24.0,verified autonomous action
7373,22.0,24.0,verified autonomous action
7374,22.0,24.0,verified autonomous action
7375,22.0,24.0,verified autonomous action
7376,22.0,24.0,verified autonomous action
7377,22.0,24.0,verified autonomous action
7378,22.0,24.0,verified autonomous action
7379,22.0,24.0,verified autonomous action
7380,16.7,29.4,verified autonomous action
7381,16.7,29.4,verified autonomous action
7382,16.7,29.4,verified autonomous action
7383,16.7,29.4,verified autonomous action
7384,16.7,29.4,verified autonomous action
7385,16.7,29.4,verified autonomous action
7386,16.7,29.4,verified autonomous action
7387,16.7,29.4,verified autonomous action
7388,16.7,29.4,verified autonomous action
7389,16.7,29.4,verified autonomous action
7390,16.7,29.4,verified autonomous action
7391,22.0,24.0,verified autonomous action
7392,22.0,24.0,verified autonomous action
7393,22.0,24.0,verified autonomous action
7394,22.0,24.0,verified autonomous action
7395,22.0,24.0,verified autonomous action
7396,22.0,24.0,verified autonomous action
7397,22.0,24.0,verified autonomous action
7398,22.0,24.0,verified autonomous action
7399,22.0,24.0,verified autonomous action
7400,22.0,24.0,verified autonomous action
7401,22.0,24.0,verified autonomous action
7402,22.0,24.0,verified autonomous action
7403,22.0,24.0,verified autonomous action
7404,22.0,24.0,verified autonomous action
7405,16.7,29.4,verified autonomous action
7406,16.7,29.4,verified autonomous action
7407,16.7,29.4,verified autonomous action
7408,16.7,29.4,verified autonomous action
7409,16.7,29.4,verified autonomous action
7410,16.7,29.4,verified autonomous action
7411,16.7,29.4,verified autonomous action
7412,16.7,29.4,verified autonomous action
7413,16.7,29.4,verified autonomous action
7414,16.7,29.4,verified autonomous action
7415,22.0,24.0,verified autonomous action
7416,22.0,24.0,verified autonomous action
7417,22.0,24.0,verified autonomous action
7418,22.0,24.0,verified autonomous action
7419,22.0,24.0,verified autonomous action
7420,22.0,24.0,verified autonomous action
7421,22.0,24.0,verified autonomous action
7422,22.0,24.0,verified autonomous action
7423,22.0,24.0,verified autonomous action
7424,22.0,24.0,verified autonomous action
7425,22.0,24.0,verified autonomous action
7426,22.0,24.0,verified autonomous action
7427,22.0,24.0,verified autonomous action
7428,22.0,24.0,verified autonomous action
7429,16.7,29.4,verified autonomous action
7430,16.7,29.4,verified autonomous action
7431,16.7,29.4,verified autonomous action
7432,16.7,29.4,verified autonomous action
7433,16.7,29.4,verified autonomous action
7434,16.7,29.4,verified autonomous action
7435,16.7,29.4,verified autonomous action
7436,16.7,29.4,verified autonomous action
7437,16.7,29.4,verified autonomous action
7438,16.7,29.4,verified autonomous action
7439,22.0,24.0,verified autonomous action
7440,22.0,24.0,verified autonomous action
7441,22.0,24.0,verified autonomous action
7442,22.0,24.0,verified autonomous action
7443,22.0,24.0,verified autonomous action
7444,22.0,24.0,verified autonomous action
7445,22.0,24.0,verified autonomous action
7446,22.0,24.0,verified autonomous action
7447,22.0,24.0,verified autonomous action
7448,22.0,24.0,verified autonomous action
7449,22.0,24.0,verified autonomous action
7450,22.0,24.0,verified autonomous action
7451,22.0,24.0,verified autonomous action
7452,22.0,24.0,verified autonomous action
7453,16.7,29.4,verified autonomous action
7454,16.7,29.4,verified autonomous action
7455,16.7,29.4,verified autonomous action
7456,16.7,29.4,verified autonomous action
7457,16.7,29.4,verified autonomous action
7458,16.7,29.4,verified autonomous action
7459,16.7,29.4,verified autonomous action
7460,16.7,29.4,verified autonomous action
7461,16.7,29.4,verified autonomous action
7462,16.7,29.4,verified autonomous action
7463,22.0,24.0,verified autonomous action
7464,22.0,24.0,verified autonomous action
7465,22.0,24.0,verified autonomous action
7466,22.0,24.0,verified autonomous action
7467,22.0,24.0,verified autonomous action
7468,22.0,24.0,verified autonomous action
7469,22.0,24.0,verified autonomous action
7470,22.0,24.0,verified autonomous action
7471,22.0,24.0,verified autonomous action
7472,22.0,24.0,verified autonomous action
7473,22.0,24.0,verified autonomous action
7474,22.0,24.0,verified autonomous action
7475,22.0,24.0,verified autonomous action
7476,22.0,24.0,verified autonomous action
7477,16.7,29.4,verified autonomous action
7478,16.7,29.4,verified autonomous action
7479,16.7,29.4,verified autonomous action
7480,16.7,29.4,verified autonomous action
7481,16.7,29.4,verified autonomous action
7482,16.7,29.4,verified autonomous action
7483,16.7,29.4,verified autonomous action
7484,16.7,29.4,verified autonomous action
7485,16.7,29.4,verified autonomous action
7486,16.7,29.4,verified autonomous action
7487,16.7,29.4,verified autonomous action
7488,16.7,29.4,verified autonomous action
7489,16.7,29.4,verified autonomous action
7490,16.7,29.4,verified autonomous action
7491,16.7,29.4,verified autonomous action
7492,16.7,29.4,verified autonomous action
7493,16.7,29.4,verified autonomous action
7494,16.7,29.4,verified autonomous action
7495,16.7,29.4,verified autonomous action
7496,16.7,29.4,verified autonomous action
7497,16.7,29.4,verified autonomous action
7498,16.7,29.4,verified autonomous action
7499,16.7,29.4,verified autonomous action
7500,16.7,29.4,verified autonomous action
7501,16.7,29.4,verified autonomous action
7502,16.7,29.4,verified autonomous action
7503,16.7,29.4,verified autonomous action
7504,16.7,29.4,verified autonomous action
7505,16.7,29.4,verified autonomous action
7506,16.7,29.4,verified autonomous action
7507,16.7,29.4,verified autonomous action
7508,16.7,29.4,verified autonomous action
7509,16.7,29.4,verified autonomous action
7510,16.7,29.4,verified autonomous action
7511,16.7,29.4,verified autonomous action
7512,16.7,29.4,verified autonomous action
7513,16.7,29.4,verified autonomous action
7514,16.7,29.4,verified autonomous action
7515,16.7,29.4,verified autonomous action
7516,16.7,29.4,verified autonomous action
7517,16.7,29.4,verified autonomous action
7518,16.7,29.4,verified autonomous action
7519,16.7,29.4,verified autonomous action
7520,16.7,29.4,verified autonomous action
7521,16.7,29.4,verified autonomous action
7522,16.7,29.4,verified autonomous action
7523,16.7,29.4,verified autonomous action
7524,16.7,29.4,verified autonomous action
7525,16.7,29.4,verified autonomous action
7526,16.7,29.4,verified autonomous action
7527,16.7,29.4,verified autonomous action
7528,16.7,29.4,verified autonomous action
7529,16.7,29.4,verified autonomous action
7530,16.7,29.4,verified autonomous action
7531,16.7,29.4,verified autonomous action
7532,16.7,29.4,verified autonomous action
7533,16.7,29.4,verified autonomous action
7534,16.7,29.4,verified autonomous action
7535,22.0,24.0,verified autonomous action
7536,22.0,24.0,verified autonomous action
7537,22.0,24.0,verified autonomous action
7538,22.0,24.0,verified autonomous action
7539,22.0,24.0,verified autonomous action
7540,22.0,24.0,verified autonomous action
7541,22.0,24.0,verified autonomous action
7542,22.0,24.0,verified autonomous action
7543,22.0,24.0,verified autonomous action
7544,22.0,24.0,verified autonomous action
7545,22.0,24.0,verified autonomous action
7546,22.0,24.0,verified autonomous action
7547,22.0,24.0,verified autonomous action
7548,22.0,24.0,verified autonomous action
7549,16.7,29.4,verified autonomous action
7550,16.7,29.4,verified autonomous action
7551,16.7,29.4,verified autonomous action
7552,16.7,29.4,verified autonomous action
7553,16.7,29.4,verified autonomous action
7554,16.7,29.4,verified autonomous action
7555,16.7,29.4,verified autonomous action
7556,16.7,29.4,verified autonomous action
7557,16.7,29.4,verified autonomous action
7558,16.7,29.4,verified autonomous action
7559,16.7,29.4,verified autonomous action
7560,22.0,24.0,verified autonomous action
7561,22.0,24.0,verified autonomous action
7562,22.0,24.0,verified autonomous action
7563,22.0,24.0,verified autonomous action
7564,22.0,24.0,verified autonomous action
7565,22.0,24.0,verified autonomous action
7566,22.0,24.0,verified autonomous action
7567,22.0,24.0,verified autonomous action
7568,22.0,24.0,verified autonomous action
7569,22.0,24.0,verified autonomous action
7570,22.0,24.0,verified autonomous action
7571,22.0,24.0,verified autonomous action
7572,22.0,24.0,verified autonomous action
7573,22.0,24.0,verified autonomous action
7574,16.7,29.4,verified autonomous action
7575,16.7,29.4,verified autonomous action
7576,16.7,29.4,verified autonomous action
7577,16.7,29.4,verified autonomous action
7578,16.7,29.4,verified autonomous action
7579,16.7,29.4,verified autonomous action
7580,16.7,29.4,verified autonomous action
7581,16.7,29.4,verified autonomous action
7582,16.7,29.4,verified autonomous action
7583,16.7,29.4,verified autonomous action
7584,22.0,24.0,verified autonomous action
7585,22.0,24.0,verified autonomous action
7586,22.0,24.0,verified autonomous action
7587,22.0,24.0,verified autonomous action
7588,22.0,24.0,verified autonomous action
7589,22.0,24.0,verified autonomous action
7590,22.0,24.0,verified autonomous action
7591,22.0,24.0,verified autonomous action
7592,22.0,24.0,verified autonomous action
7593,22.0,24.0,verified autonomous action
7594,22.0,24.0,verified autonomous action
7595,22.0,24.0,verified autonomous action
7596,22.0,24.0,verified autonomous action
7597,22.0,24.0,verified autonomous action
7598,16.7,29.4,verified autonomous action
7599,16.7,29.4,verified autonomous action
7600,16.7,29.4,verified autonomous action
7601,16.7,29.4,verified autonomous action
7602,16.7,29.4,verified autonomous action
7603,16.7,29.4,verified autonomous action
7604,16.7,29.4,verified autonomous action
7605,16.7,29.4,verified autonomous action
7606,16.7,29.4,verified autonomous action
7607,16.7,29.4,verified autonomous action
7608,22.0,24.0,verified autonomous action
7609,22.0,24.0,verified autonomous action
7610,22.0,24.0,verified autonomous action
7611,22.0,24.0,verified autonomous action
7612,22.0,24.0,verified autonomous action
7613,22.0,24.0,verified autonomous action
7614,22.0,24.0,verified autonomous action
7615,22.0,24.0,verified autonomous action
7616,22.0,24.0,verified autonomous action
7617,22.0,24.0,verified autonomous action
7618,22.0,24.0,verified autonomous action
7619,22.0,24.0,verified autonomous action
7620,22.0,24.0,verified autonomous action
7621,22.0,24.0,verified autonomous action
7622,16.7,29.4,verified autonomous action
7623,16.7,29.4,verified autonomous action
7624,16.7,29.4,verified autonomous action
7625,16.7,29.4,verified autonomous action
7626,16.7,29.4,verified autonomous action
7627,16.7,29.4,verified autonomous action
7628,16.7,29.4,verified autonomous action
7629,16.7,29.4,verified autonomous action
7630,16.7,29.4,verified autonomous action
7631,16.7,29.4,verified autonomous action
7632,22.0,24.0,verified autonomous action
7633,22.0,24.0,verified autonomous action
7634,22.0,24.0,verified autonomous action
7635,22.0,24.0,verified autonomous action
7636,22.0,24.0,verified autonomous action
7637,22.0,24.0,verified autonomous action
7638,22.0,24.0,verified autonomous action
7639,22.0,24.0,verified autonomous action
7640,22.0,24.0,verified autonomous action
7641,22.0,24.0,verified autonomous action
7642,22.0,24.0,verified autonomous action
7643,22.0,24.0,verified autonomous action
7644,22.0,24.0,verified autonomous action
7645,22.0,24.0,verified autonomous action
7646,16.7,29.4,verified autonomous action
7647,16.7,29.4,verified autonomous action
7648,16.7,29.4,verified autonomous action
7649,16.7,29.4,verified autonomous action
7650,16.7,29.4,verified autonomous action
7651,16.7,29.4,verified autonomous action
7652,16.7,29.4,verified autonomous action
7653,16.7,29.4,verified autonomous action
7654,16.7,29.4,verified autonomous action
7655,16.7,29.4,verified autonomous action
7656,16.7,29.4,verified autonomous action
7657,16.7,29.4,verified autonomous action
7658,16.7,29.4,verified autonomous action
7659,16.7,29.4,verified autonomous action
7660,16.7,29.4,verified autonomous action
7661,16.7,29.4,verified autonomous action
7662,16.7,29.4,verified autonomous action
7663,16.7,29.4,verified autonomous action
7664,16.7,29.4,verified autonomous action
7665,16.7,29.4,verified autonomous action
7666,16.7,29.4,verified autonomous action
7667,16.7,29.4,verified autonomous action
7668,16.7,29.4,verified autonomous action
7669,16.7,29.4,verified autonomous action
7670,16.7,29.4,verified autonomous action
7671,16.7,29.4,verified autonomous action
7672,16.7,29.4,verified autonomous action
7673,16.7,29.4,verified autonomous action
7674,16.7,29.4,verified autonomous action
7675,16.7,29.4,verified autonomous action
7676,16.7,29.4,verified autonomous action
7677,16.7,29.4,verified autonomous action
7678,16.7,29.4,verified autonomous action
7679,16.7,29.4,verified autonomous action
7680,16.7,29.4,verified autonomous action
7681,16.7,29.4,verified autonomous action
7682,16.7,29.4,verified autonomous action
7683,16.7,29.4,verified autonomous action
7684,16.7,29.4,verified autonomous action
7685,16.7,29.4,verified autonomous action
7686,16.7,29.4,verified autonomous action
7687,16.7,29.4,verified autonomous action
7688,16.7,29.4,verified autonomous action
7689,16.7,29.4,verified autonomous action
7690,16.7,29.4,verified autonomous action
7691,16.7,29.4,verified autonomous action
7692,16.7,29.4,verified autonomous action
7693,16.7,29.4,verified autonomous action
7694,16.7,29.4,verified autonomous action
7695,16.7,29.4,verified autonomous action
7696,16.7,29.4,verified autonomous action
7697,16.7,29.4,verified autonomous action
7698,16.7,29.4,verified autonomous action
7699,16.7,29.4,verified autonomous action
7700,16.7,29.4,verified autonomous action
7701,16.7,29.4,verified autonomous action
7702,16.7,29.4,verified autonomous action
7703,16.7,29.4,verified autonomous action
7704,22.0,24.0,verified autonomous action
7705,22.0,24.0,verified autonomous action
7706,22.0,24.0,verified autonomous action
7707,22.0,24.0,verified autonomous action
7708,22.0,24.0,verified autonomous action
7709,22.0,24.0,verified autonomous action
7710,22.0,24.0,verified autonomous action
7711,22.0,24.0,verified autonomous action
7712,22.0,24.0,verified autonomous action
7713,22.0,24.0,verified autonomous action
7714,22.0,24.0,verified autonomous action
7715,22.0,24.0,verified autonomous action
7716,22.0,24.0,verified autonomous action
7717,22.0,24.0,verified autonomous action
7718,16.7,29.4,verified autonomous action
7719,16.7,29.4,verified autonomous action
7720,16.7,29.4,verified autonomous action
7721,16.7,29.4,verified autonomous action
7722,16.7,29.4,verified autonomous action
7723,16.7,29.4,verified autonomous action
7724,16.7,29.4,verified autonomous action
7725,16.7,29.4,verified autonomous action
7726,16.7,29.4,verified autonomous action
7727,16.7,29.4,verified autonomous action
7728,16.7,29.4,verified autonomous action
7729,22.0,24.0,verified autonomous action
7730,22.0,24.0,verified autonomous action
7731,22.0,24.0,verified autonomous action
7732,22.0,24.0,verified autonomous action
7733,22.0,24.0,verified autonomous action
7734,22.0,24.0,verified autonomous action
7735,22.0,24.0,verified autonomous action
7736,22.0,24.0,verified autonomous action
7737,22.0,24.0,verified autonomous action
7738,22.0,24.0,verified autonomous action
7739,22.0,24.0,verified autonomous action
7740,22.0,24.0,verified autonomous action
7741,22.0,24.0,verified autonomous action
7742,22.0,24.0,verified autonomous action
7743,16.7,29.4,verified autonomous action
7744,16.7,29.4,verified autonomous action
7745,16.7,29.4,verified autonomous action
7746,16.7,29.4,verified autonomous action
7747,16.7,29.4,verified autonomous action
7748,16.7,29.4,verified autonomous action
7749,16.7,29.4,verified autonomous action
7750,16.7,29.4,verified autonomous action
7751,16.7,29.4,verified autonomous action
7752,16.7,29.4,verified autonomous action
7753,22.0,24.0,verified autonomous action
7754,22.0,24.0,verified autonomous action
7755,22.0,24.0,verified autonomous action
7756,22.0,24.0,verified autonomous action
7757,22.0,24.0,verified autonomous action
7758,22.0,24.0,verified autonomous action
7759,22.0,24.0,verified autonomous action
7760,22.0,24.0,verified autonomous action
7761,22.0,24.0,verified autonomous action
7762,22.0,24.0,verified autonomous action
7763,22.0,24.0,verified autonomous action
7764,22.0,24.0,verified autonomous action
7765,22.0,24.0,verified autonomous action
7766,22.0,24.0,verified autonomous action
7767,16.7,29.4,verified autonomous action
7768,16.7,29.4,verified autonomous action
7769,16.7,29.4,verified autonomous action
7770,16.7,29.4,verified autonomous action
7771,16.7,29.4,verified autonomous action
7772,16.7,29.4,verified autonomous action
7773,16.7,29.4,verified autonomous action
7774,16.7,29.4,verified autonomous action
7775,16.7,29.4,verified autonomous action
7776,16.7,29.4,verified autonomous action
7777,22.0,24.0,verified autonomous action
7778,22.0,24.0,verified autonomous action
7779,22.0,24.0,verified autonomous action
7780,22.0,24.0,verified autonomous action
7781,22.0,24.0,verified autonomous action
7782,22.0,24.0,verified autonomous action
7783,22.0,24.0,verified autonomous action
7784,22.0,24.0,verified autonomous action
7785,22.0,24.0,verified autonomous action
7786,22.0,24.0,verified autonomous action
7787,22.0,24.0,verified autonomous action
7788,22.0,24.0,verified autonomous action
7789,22.0,24.0,verified autonomous action
7790,22.0,24.0,verified autonomous action
7791,16.7,29.4,verified autonomous action
7792,16.7,29.4,verified autonomous action
7793,16.7,29.4,verified autonomous action
7794,16.7,29.4,verified autonomous action
7795,16.7,29.4,verified autonomous action
7796,16.7,29.4,verified autonomous action
7797,16.7,29.4,verified autonomous action
7798,16.7,29.4,verified autonomous action
7799,16.7,29.4,verified autonomous action
7800,16.7,29.4,verified autonomous action
7801,22.0,24.0,verified autonomous action
7802,22.0,24.0,verified autonomous action
7803,22.0,24.0,verified autonomous action
7804,22.0,24.0,verified autonomous action
7805,22.0,24.0,verified autonomous action
7806,22.0,24.0,verified autonomous action
7807,22.0,24.0,verified autonomous action
7808,22.0,24.0,verified autonomous action
7809,22.0,24.0,verified autonomous action
7810,22.0,24.0,verified autonomous action
7811,22.0,24.0,verified autonomous action
7812,22.0,24.0,verified autonomous action
7813,22.0,24.0,verified autonomous action
7814,22.0,24.0,verified autonomous action
7815,16.7,29.4,verified autonomous action
7816,16.7,29.4,verified autonomous action
7817,16.7,29.4,verified autonomous action
7818,16.7,29.4,verified autonomous action
7819,16.7,29.4,verified autonomous action
7820,16.7,29.4,verified autonomous action
7821,16.7,29.4,verified autonomous action
7822,16.7,29.4,verified autonomous action
7823,16.7,29.4,verified autonomous action
7824,16.7,29.4,verified autonomous action
7825,16.7,29.4,verified autonomous action
7826,16.7,29.4,verified autonomous action
7827,16.7,29.4,verified autonomous action
7828,16.7,29.4,verified autonomous action
7829,16.7,29.4,verified autonomous action
7830,16.7,29.4,verified autonomous action
7831,16.7,29.4,verified autonomous action
7832,16.7,29.4,verified autonomous action
7833,16.7,29.4,verified autonomous action
7834,16.7,29.4,verified autonomous action
7835,16.7,29.4,verified autonomous action
7836,16.7,29.4,verified autonomous action
7837,16.7,29.4,verified autonomous action
7838,16.7,29.4,verified autonomous action
7839,16.7,29.4,verified autonomous action
7840,16.7,29.4,verified autonomous action
7841,16.7,29.4,verified autonomous action
7842,16.7,29.4,verified autonomous action
7843,16.7,29.4,verified autonomous action
7844,16.7,29.4,verified autonomous action
7845,16.7,29.4,verified autonomous action
7846,16.7,29.4,verified autonomous action
7847,16.7,29.4,verified autonomous action
7848,16.7,29.4,verified autonomous action
7849,16.7,29.4,verified autonomous action
7850,16.7,29.4,verified autonomous action
7851,16.7,29.4,verified autonomous action
7852,16.7,29.4,verified autonomous action
7853,16.7,29.4,verified autonomous action
7854,16.7,29.4,verified autonomous action
7855,16.7,29.4,verified autonomous action
7856,16.7,29.4,verified autonomous action
7857,16.7,29.4,verified autonomous action
7858,16.7,29.4,verified autonomous action
7859,16.7,29.4,verified autonomous action
7860,16.7,29.4,verified autonomous action
7861,16.7,29.4,verified autonomous action
7862,16.7,29.4,verified autonomous action
7863,16.7,29.4,verified autonomous action
7864,16.7,29.4,verified autonomous action
7865,16.7,29.4,verified autonomous action
7866,16.7,29.4,verified autonomous action
7867,16.7,29.4,verified autonomous action
7868,16.7,29.4,verified autonomous action
7869,16.7,29.4,verified autonomous action
7870,16.7,29.4,verified autonomous action
7871,16.7,29.4,verified autonomous action
7872,16.7,29.4,verified autonomous action
7873,22.0,24.0,verified autonomous action
7874,22.0,24.0,verified autonomous action
7875,22.0,24.0,verified autonomous action
7876,22.0,24.0,verified autonomous action
7877,22.0,24.0,verified autonomous action
7878,22.0,24.0,verified autonomous action
7879,22.0,24.0,verified autonomous action
7880,22.0,24.0,verified autonomous action
7881,22.0,24.0,verified autonomous action
7882,22.0,24.0,verified autonomous action
7883,22.0,24.0,verified autonomous action
7884,22.0,24.0,verified autonomous action
7885,22.0,24.0,verified autonomous action
7886,22.0,24.0,verified autonomous action
7887,16.7,29.4,verified autonomous action
7888,16.7,29.4,verified autonomous action
7889,16.7,29.4,verified autonomous action
7890,16.7,29.4,verified autonomous action
7891,16.7,29.4,verified autonomous action
7892,16.7,29.4,verified autonomous action
7893,16.7,29.4,verified autonomous action
7894,16.7,29.4,verified autonomous action
7895,16.7,29.4,verified autonomous action
7896,16.7,29.4,verified autonomous action
7897,16.7,29.4,verified autonomous action
7898,22.0,24.0,verified autonomous action
7899,22.0,24.0,verified autonomous action
7900,22.0,24.0,verified autonomous action
7901,22.0,24.0,verified autonomous action
7902,22.0,24.0,verified autonomous action
7903,22.0,24.0,verified autonomous action
7904,22.0,24.0,verified autonomous action
7905,22.0,24.0,verified autonomous action
7906,22.0,24.0,verified autonomous action
7907,22.0,24.0,verified autonomous action
7908,22.0,24.0,verified autonomous action
7909,22.0,24.0,verified autonomous action
7910,22.0,24.0,verified autonomous action
7911,22.0,24.0,verified autonomous action
7912,16.7,29.4,verified autonomous action
7913,16.7,29.4,verified autonomous action
7914,16.7,29.4,verified autonomous action
7915,16.7,29.4,verified autonomous action
7916,16.7,29.4,verified autonomous action
7917,16.7,29.4,verified autonomous action
7918,16.7,29.4,verified autonomous action
7919,16.7,29.4,verified autonomous action
7920,16.7,29.4,verified autonomous action
7921,16.7,29.4,verified autonomous action
7922,22.0,24.0,verified autonomous action
7923,22.0,24.0,verified autonomous action
7924,22.0,24.0,verified autonomous action
7925,22.0,24.0,verified autonomous action
7926,22.0,24.0,verified autonomous action
7927,22.0,24.0,verified autonomous action
7928,22.0,24.0,verified autonomous action
7929,22.0,24.0,verified autonomous action
7930,22.0,24.0,verified autonomous action
7931,22.0,24.0,verified autonomous action
7932,22.0,24.0,verified autonomous action
7933,22.0,24.0,verified autonomous action
7934,22.0,24.0,verified autonomous action
7935,22.0,24.0,verified autonomous action
7936,16.7,29.4,verified autonomous action
7937,16.7,29.4,verified autonomous action
7938,16.7,29.4,verified autonomous action
7939,16.7,29.4,verified autonomous action
7940,16.7,29.4,verified autonomous action
7941,16.7,29.4,verified autonomous action
7942,16.7,29.4,verified autonomous action
7943,16.7,29.4,verified autonomous action
7944,16.7,29.4,verified autonomous action
7945,16.7,29.4,verified autonomous action
7946,22.0,24.0,verified autonomous action
7947,22.0,24.0,verified autonomous action
7948,22.0,24.0,verified autonomous action
7949,22.0,24.0,verified autonomous action
7950,22.0,24.0,verified autonomous action
7951,22.0,24.0,verified autonomous action
7952,22.0,24.0,verified autonomous action
7953,22.0,24.0,verified autonomous action
7954,22.0,24.0,verified autonomous action
7955,22.0,24.0,verified autonomous action
7956,22.0,24.0,verified autonomous action
7957,22.0,24.0,verified autonomous action
7958,22.0,24.0,verified autonomous action
7959,22.0,24.0,verified autonomous action
7960,16.7,29.4,verified autonomous action
7961,16.7,29.4,verified autonomous action
7962,16.7,29.4,verified autonomous action
7963,16.7,29.4,verified autonomous action
7964,16.7,29.4,verified autonomous action
7965,16.7,29.4,verified autonomous action
7966,16.7,29.4,verified autonomous action
7967,16.7,29.4,verified autonomous action
7968,16.7,29.4,verified autonomous action
7969,16.7,29.4,verified autonomous action
7970,22.0,24.0,verified autonomous action
7971,22.0,24.0,verified autonomous action
7972,22.0,24.0,verified autonomous action
7973,22.0,24.0,verified autonomous action
7974,22.0,24.0,verified autonomous action
7975,22.0,24.0,verified autonomous action
7976,22.0,24.0,verified autonomous action
7977,22.0,24.0,verified autonomous action
7978,22.0,24.0,verified autonomous action
7979,22.0,24.0,verified autonomous action
7980,22.0,24.0,verified autonomous action
7981,22.0,24.0,verified autonomous action
7982,22.0,24.0,verified autonomous action
7983,22.0,24.0,verified autonomous action
7984,16.7,29.4,verified autonomous action
7985,16.7,29.4,verified autonomous action
7986,16.7,29.4,verified autonomous action
7987,16.7,29.4,verified autonomous action
7988,16.7,29.4,verified autonomous action
7989,16.7,29.4,verified autonomous action
7990,16.7,29.4,verified autonomous action
7991,16.7,29.4,verified autonomous action
7992,16.7,29.4,verified autonomous action
7993,16.7,29.4,verified autonomous action
7994,16.7,29.4,verified autonomous action
7995,16.7,29.4,verified autonomous action
7996,16.7,29.4,verified autonomous action
7997,16.7,29.4,verified autonomous action
7998,16.7,29.4,verified autonomous action
7999,16.7,29.4,verified autonomous action
8000,16.7,29.4,verified autonomous action
8001,16.7,29.4,verified autonomous action
8002,16.7,29.4,verified autonomous action
8003,16.7,29.4,verified autonomous action
8004,16.7,29.4,verified autonomous action
8005,16.7,29.4,verified autonomous action
8006,16.7,29.4,verified autonomous action
8007,16.7,29.4,verified autonomous action
8008,16.7,29.4,verified autonomous action
8009,16.7,29.4,verified autonomous action
8010,16.7,29.4,verified autonomous action
8011,16.7,29.4,verified autonomous action
8012,16.7,29.4,verified autonomous action
8013,16.7,29.4,verified autonomous action
8014,16.7,29.4,verified autonomous action
8015,16.7,29.4,verified autonomous action
8016,16.7,29.4,verified autonomous action
8017,16.7,29.4,verified autonomous action
8018,16.7,29.4,verified autonomous action
8019,16.7,29.4,verified autonomous action
8020,16.7,29.4,verified autonomous action
8021,16.7,29.4,verified autonomous action
8022,16.7,29.4,verified autonomous action
8023,16.7,29.4,verified autonomous action
8024,16.7,29.4,verified autonomous action
8025,16.7,29.4,verified autonomous action
8026,16.7,29.4,verified autonomous action
8027,16.7,29.4,verified autonomous action
8028,16.7,29.4,verified autonomous action
8029,16.7,29.4,verified autonomous action
8030,16.7,29.4,verified autonomous action
8031,16.7,29.4,verified autonomous action
8032,16.7,29.4,verified autonomous action
8033,16.7,29.4,verified autonomous action
8034,16.7,29.4,verified autonomous action
8035,16.7,29.4,verified autonomous action
8036,16.7,29.4,verified autonomous action
8037,16.7,29.4,verified autonomous action
8038,16.7,29.4,verified autonomous action
8039,16.7,29.4,verified autonomous action
8040,16.7,29.4,verified autonomous action
8041,16.7,29.4,verified autonomous action
8042,22.0,24.0,verified autonomous action
8043,22.0,24.0,verified autonomous action
8044,22.0,24.0,verified autonomous action
8045,22.0,24.0,verified autonomous action
8046,22.0,24.0,verified autonomous action
8047,22.0,24.0,verified autonomous action
8048,22.0,24.0,verified autonomous action
8049,22.0,24.0,verified autonomous action
8050,22.0,24.0,verified autonomous action
8051,22.0,24.0,verified autonomous action
8052,22.0,24.0,verified autonomous action
8053,22.0,24.0,verified autonomous action
8054,22.0,24.0,verified autonomous action
8055,22.0,24.0,verified autonomous action
8056,16.7,29.4,verified autonomous action
8057,16.7,29.4,verified autonomous action
8058,16.7,29.4,verified autonomous action
8059,16.7,29.4,verified autonomous action
8060,16.7,29.4,verified autonomous action
8061,16.7,29.4,verified autonomous action
8062,16.7,29.4,verified autonomous action
8063,16.7,29.4,verified autonomous action
8064,16.7,29.4,verified autonomous action
8065,16.7,29.4,verified autonomous action
8066,16.7,29.4,verified autonomous action
8067,22.0,24.0,verified autonomous action
8068,22.0,24.0,verified autonomous action
8069,22.0,24.0,verified autonomous action
8070,22.0,24.0,verified autonomous action
8071,22.0,24.0,verified autonomous action
8072,22.0,24.0,verified autonomous action
8073,22.0,24.0,verified autonomous action
8074,22.0,24.0,verified autonomous action
8075,22.0,24.0,verified autonomous action
8076,22.0,24.0,verified autonomous action
8077,22.0,24.0,verified autonomous action
8078,22.0,24.0,verified autonomous action
8079,22.0,24.0,verified autonomous action
8080,22.0,24.0,verified autonomous action
8081,16.7,29.4,verified autonomous action
8082,16.7,29.4,verified autonomous action
8083,16.7,29.4,verified autonomous action
8084,16.7,29.4,verified autonomous action
8085,16.7,29.4,verified autonomous action
8086,16.7,29.4,verified autonomous action
8087,16.7,29.4,verified autonomous action
8088,16.7,29.4,verified autonomous action
8089,16.7,29.4,verified autonomous action
8090,16.7,29.4,verified autonomous action
8091,22.0,24.0,verified autonomous action
8092,22.0,24.0,verified autonomous action
8093,22.0,24.0,verified autonomous action
8094,22.0,24.0,verified autonomous action
8095,22.0,24.0,verified autonomous action
8096,22.0,24.0,verified autonomous action
8097,22.0,24.0,verified autonomous action
8098,22.0,24.0,verified autonomous action
8099,22.0,24.0,verified autonomous action
8100,22.0,24.0,verified autonomous action
8101,22.0,24.0,verified autonomous action
8102,22.0,24.0,verified autonomous action
8103,22.0,24.0,verified autonomous action
8104,22.0,24.0,verified autonomous action
8105,16.7,29.4,verified autonomous action
8106,16.7,29.4,verified autonomous action
8107,16.7,29.4,verified autonomous action
8108,16.7,29.4,verified autonomous action
8109,16.7,29.4,verified autonomous action
8110,16.7,29.4,verified autonomous action
8111,16.7,29.4,verified autonomous action
8112,16.7,29.4,verified autonomous action
8113,16.7,29.4,verified autonomous action
8114,16.7,29.4,verified autonomous action
8115,22.0,24.0,verified autonomous action
8116,22.0,24.0,verified autonomous action
8117,22.0,24.0,verified autonomous action
8118,22.0,24.0,verified autonomous action
8119,22.0,24.0,verified autonomous action
8120,22.0,24.0,verified autonomous action
8121,22.0,24.0,verified autonomous action
8122,22.0,24.0,verified autonomous action
8123,22.0,24.0,verified autonomous action
8124,22.0,24.0,verified autonomous action
8125,22.0,24.0,verified autonomous action
8126,22.0,24.0,verified autonomous action
8127,22.0,24.0,verified autonomous action
8128,22.0,24.0,verified autonomous action
8129,16.7,29.4,verified autonomous action
8130,16.7,29.4,verified autonomous action
8131,16.7,29.4,verified autonomous action
8132,16.7,29.4,verified autonomous action
8133,16.7,29.4,verified autonomous action
8134,16.7,29.4,verified autonomous action
8135,16.7,29.4,verified autonomous action
8136,16.7,29.4,verified autonomous action
8137,16.7,29.4,verified autonomous action
8138,16.7,29.4,verified autonomous action
8139,22.0,24.0,verified autonomous action
8140,22.0,24.0,verified autonomous action
8141,22.0,24.0,verified autonomous action
8142,22.0,24.0,verified autonomous action
8143,22.0,24.0,verified autonomous action
8144,22.0,24.0,verified autonomous action
8145,22.0,24.0,verified autonomous action
8146,22.0,24.0,verified autonomous action
8147,22.0,24.0,verified autonomous action
8148,22.0,24.0,verified autonomous action
8149,22.0,24.0,verified autonomous action
8150,22.0,24.0,verified autonomous action
8151,22.0,24.0,verified autonomous action
8152,22.0,24.0,verified autonomous action
8153,16.7,29.4,verified autonomous action
8154,16.7,29.4,verified autonomous action
8155,16.7,29.4,verified autonomous action
8156,16.7,29.4,verified autonomous action
8157,16.7,29.4,verified autonomous action
8158,16.7,29.4,verified autonomous action
8159,16.7,29.4,verified autonomous action
8160,16.7,29.4,verified autonomous action
8161,16.7,29.4,verified autonomous action
8162,16.7,29.4,verified autonomous action
8163,16.7,29.4,verified autonomous action
8164,16.7,29.4,verified autonomous action
8165,16.7,29.4,verified autonomous action
8166,16.7,29.4,verified autonomous action
8167,16.7,29.4,verified autonomous action
8168,16.7,29.4,verified autonomous action
8169,16.7,29.4,verified autonomous action
8170,16.7,29.4,verified autonomous action
8171,16.7,29.4,verified autonomous action
8172,16.7,29.4,verified autonomous action
8173,16.7,29.4,verified autonomous action
8174,16.7,29.4,verified autonomous action
8175,16.7,29.4,verified autonomous action
8176,16.7,29.4,verified autonomous action
8177,16.7,29.4,verified autonomous action
8178,16.7,29.4,verified autonomous action
8179,16.7,29.4,verified autonomous action
8180,16.7,29.4,verified autonomous action
8181,16.7,29.4,verified autonomous action
8182,16.7,29.4,verified autonomous action
8183,16.7,29.4,verified autonomous action
8184,16.7,29.4,verified autonomous action
8185,16.7,29.4,verified autonomous action
8186,16.7,29.4,verified autonomous action
8187,16.7,29.4,verified autonomous action
8188,16.7,29.4,verified autonomous action
8189,16.7,29.4,verified autonomous action
8190,16.7,29.4,verified autonomous action
8191,16.7,29.4,verified autonomous action
8192,16.7,29.4,verified autonomous action
8193,16.7,29.4,verified autonomous action
8194,16.7,29.4,verified autonomous action
8195,16.7,29.4,verified autonomous action
8196,16.7,29.4,verified autonomous action
8197,16.7,29.4,verified autonomous action
8198,16.7,29.4,verified autonomous action
8199,16.7,29.4,verified autonomous action
8200,16.7,29.4,verified autonomous action
8201,16.7,29.4,verified autonomous action
8202,16.7,29.4,verified autonomous action
8203,16.7,29.4,verified autonomous action
8204,16.7,29.4,verified autonomous action
8205,16.7,29.4,verified autonomous action
8206,16.7,29.4,verified autonomous action
8207,16.7,29.4,verified autonomous action
8208,16.7,29.4,verified autonomous action
8209,16.7,29.4,verified autonomous action
8210,16.7,29.4,verified autonomous action
8211,22.0,24.0,verified autonomous action
8212,22.0,24.0,verified autonomous action
8213,22.0,24.0,verified autonomous action
8214,22.0,24.0,verified autonomous action
8215,22.0,24.0,verified autonomous action
8216,22.0,24.0,verified autonomous action
8217,22.0,24.0,verified autonomous action
8218,22.0,24.0,verified autonomous action
8219,22.0,24.0,verified autonomous action
8220,22.0,24.0,verified autonomous action
8221,22.0,24.0,verified autonomous action
8222,22.0,24.0,verified autonomous action
8223,22.0,24.0,verified autonomous action
8224,22.0,24.0,verified autonomous action
8225,16.7,29.4,verified autonomous action
8226,16.7,29.4,verified autonomous action
8227,16.7,29.4,verified autonomous action
8228,16.7,29.4,verified autonomous action
8229,16.7,29.4,verified autonomous action
8230,16.7,29.4,verified autonomous action
8231,16.7,29.4,verified autonomous action
8232,16.7,29.4,verified autonomous action
8233,16.7,29.4,verified autonomous action
8234,16.7,29.4,verified autonomous action
8235,16.7,29.4,verified autonomous action
8236,22.0,24.0,verified autonomous action
8237,22.0,24.0,verified autonomous action
8238,22.0,24.0,verified autonomous action
8239,22.0,24.0,verified autonomous action
8240,22.0,24.0,verified autonomous action
8241,22.0,24.0,verified autonomous action
8242,22.0,24.0,verified autonomous action
8243,22.0,24.0,verified autonomous action
8244,22.0,24.0,verified autonomous action
8245,22.0,24.0,verified autonomous action
8246,22.0,24.0,verified autonomous action
8247,22.0,24.0,verified autonomous action
8248,22.0,24.0,verified autonomous action
8249,22.0,24.0,verified autonomous action
8250,16.7,29.4,verified autonomous action
8251,16.7,29.4,verified autonomous action
8252,16.7,29.4,verified autonomous action
8253,16.7,29.4,verified autonomous action
8254,16.7,29.4,verified autonomous action
8255,16.7,29.4,verified autonomous action
8256,16.7,29.4,verified autonomous action
8257,16.7,29.4,verified autonomous action
8258,16.7,29.4,verified autonomous action
8259,16.7,29.4,verified autonomous action
8260,22.0,24.0,verified autonomous action
8261,22.0,24.0,verified autonomous action
8262,22.0,24.0,verified autonomous action
8263,22.0,24.0,verified autonomous action
8264,22.0,24.0,verified autonomous action
8265,22.0,24.0,verified autonomous action
8266,22.0,24.0,verified autonomous action
8267,22.0,24.0,verified autonomous action
8268,22.0,24.0,verified autonomous action
8269,22.0,24.0,verified autonomous action
8270,22.0,24.0,verified autonomous action
8271,22.0,24.0,verified autonomous action
8272,22.0,24.0,verified autonomous action
8273,22.0,24.0,verified autonomous action
8274,16.7,29.4,verified autonomous action
8275,16.7,29.4,verified autonomous action
8276,16.7,29.4,verified autonomous action
8277,16.7,29.4,verified autonomous action
8278,16.7,29.4,verified autonomous action
8279,16.7,29.4,verified autonomous action
8280,16.7,29.4,verified autonomous action
8281,16.7,29.4,verified autonomous action
8282,16.7,29.4,verified autonomous action
8283,16.7,29.4,verified autonomous action
8284,22.0,24.0,verified autonomous action
8285,22.0,24.0,verified autonomous action
8286,22.0,24.0,verified autonomous action
8287,22.0,24.0,verified autonomous action
8288,22.0,24.0,verified autonomous action
8289,22.0,24.0,verified autonomous action
8290,22.0,24.0,verified autonomous action
8291,22.0,24.0,verified autonomous action
8292,22.0,24.0,verified autonomous action
8293,22.0,24.0,verified autonomous action
8294,22.0,24.0,verified autonomous action
8295,22.0,24.0,verified autonomous action
8296,22.0,24.0,verified autonomous action
8297,22.0,24.0,verified autonomous action
8298,16.7,29.4,verified autonomous action
8299,16.7,29.4,verified autonomous action
8300,16.7,29.4,verified autonomous action
8301,16.7,29.4,verified autonomous action
8302,16.7,29.4,verified autonomous action
8303,16.7,29.4,verified autonomous action
8304,16.7,29.4,verified autonomous action
8305,16.7,29.4,verified autonomous action
8306,16.7,29.4,verified autonomous action
8307,16.7,29.4,verified autonomous action
8308,22.0,24.0,verified autonomous action
8309,22.0,24.0,verified autonomous action
8310,22.0,24.0,verified autonomous action
8311,22.0,24.0,verified autonomous action
8312,22.0,24.0,verified autonomous action
8313,22.0,24.0,verified autonomous action
8314,22.0,24.0,verified autonomous action
8315,22.0,24.0,verified autonomous action
8316,22.0,24.0,verified autonomous action
8317,22.0,24.0,verified autonomous action
8318,22.0,24.0,verified autonomous action
8319,22.0,24.0,verified autonomous action
8320,22.0,24.0,verified autonomous action
8321,22.0,24.0,verified autonomous action
8322,16.7,29.4,verified autonomous action
8323,16.7,29.4,verified autonomous action
8324,16.7,29.4,verified autonomous action
8325,16.7,29.4,verified autonomous action
8326,16.7,29.4,verified autonomous action
8327,16.7,29.4,verified autonomous action
8328,16.7,29.4,verified autonomous action
8329,16.7,29.4,verified autonomous action
8330,16.7,29.4,verified autonomous action
8331,16.7,29.4,verified autonomous action
8332,16.7,29.4,verified autonomous action
8333,16.7,29.4,verified autonomous action
8334,16.7,29.4,verified autonomous action
8335,16.7,29.4,verified autonomous action
8336,16.7,29.4,verified autonomous action
8337,16.7,29.4,verified autonomous action
8338,16.7,29.4,verified autonomous action
8339,16.7,29.4,verified autonomous action
8340,16.7,29.4,verified autonomous action
8341,16.7,29.4,verified autonomous action
8342,16.7,29.4,verified autonomous action
8343,16.7,29.4,verified autonomous action
8344,16.7,29.4,verified autonomous action
8345,16.7,29.4,verified autonomous action
8346,16.7,29.4,verified autonomous action
8347,16.7,29.4,verified autonomous action
8348,16.7,29.4,verified autonomous action
8349,16.7,29.4,verified autonomous action
8350,16.7,29.4,verified autonomous action
8351,16.7,29.4,verified autonomous action
8352,16.7,29.4,verified autonomous action
8353,16.7,29.4,verified autonomous action
8354,16.7,29.4,verified autonomous action
8355,16.7,29.4,verified autonomous action
8356,16.7,29.4,verified autonomous action
8357,16.7,29.4,verified autonomous action
8358,16.7,29.4,verified autonomous action
8359,16.7,29.4,verified autonomous action
8360,16.7,29.4,verified autonomous action
8361,16.7,29.4,verified autonomous action
8362,16.7,29.4,verified autonomous action
8363,16.7,29.4,verified autonomous action
8364,16.7,29.4,verified autonomous action
8365,16.7,29.4,verified autonomous action
8366,16.7,29.4,verified autonomous action
8367,16.7,29.4,verified autonomous action
8368,16.7,29.4,verified autonomous action
8369,16.7,29.4,verified autonomous action
8370,16.7,29.4,verified autonomous action
8371,16.7,29.4,verified autonomous action
8372,16.7,29.4,verified autonomous action
8373,16.7,29.4,verified autonomous action
8374,16.7,29.4,verified autonomous action
8375,16.7,29.4,verified autonomous action
8376,16.7,29.4,verified autonomous action
8377,16.7,29.4,verified autonomous action
8378,16.7,29.4,verified autonomous action
8379,16.7,29.4,verified autonomous action
8380,22.0,24.0,verified autonomous action
8381,22.0,24.0,verified autonomous action
8382,22.0,24.0,verified autonomous action
8383,22.0,24.0,verified autonomous action
8384,22.0,24.0,verified autonomous action
8385,22.0,24.0,verified autonomous action
8386,22.0,24.0,verified autonomous action
8387,22.0,24.0,verified autonomous action
8388,22.0,24.0,verified autonomous action
8389,22.0,24.0,verified autonomous action
8390,22.0,24.0,verified autonomous action
8391,22.0,24.0,verified autonomous action
8392,22.0,24.0,verified autonomous action
8393,22.0,24.0,verified autonomous action
8394,16.7,29.4,verified autonomous action
8395,16.7,29.4,verified autonomous action
8396,16.7,29.4,verified autonomous action
8397,16.7,29.4,verified autonomous action
8398,16.7,29.4,verified autonomous action
8399,16.7,29.4,verified autonomous action
8400,16.7,29.4,verified autonomous action
8401,16.7,29.4,verified autonomous action
8402,16.7,29.4,verified autonomous action
8403,16.7,29.4,verified autonomous action
8404,16.7,29.4,verified autonomous action
8405,22.0,24.0,verified autonomous action
8406,22.0,24.0,verified autonomous action
8407,22.0,24.0,verified autonomous action
8408,22.0,24.0,verified autonomous action
8409,22.0,24.0,verified autonomous action
8410,22.0,24.0,verified autonomous action
8411,22.0,24.0,verified autonomous action
8412,22.0,24.0,verified autonomous action
8413,22.0,24.0,verified autonomous action
8414,22.0,24.0,verified autonomous action
8415,22.0,24.0,verified autonomous action
8416,22.0,24.0,verified autonomous action
8417,22.0,24.0,verified autonomous action
8418,22.0,24.0,verified autonomous action
8419,16.7,29.4,verified autonomous action
8420,16.7,29.4,verified autonomous action
8421,16.7,29.4,verified autonomous action
8422,16.7,29.4,verified autonomous action
8423,16.7,29.4,verified autonomous action
8424,16.7,29.4,verified autonomous action
8425,16.7,29.4,verified autonomous action
8426,16.7,29.4,verified autonomous action
8427,16.7,29.4,verified autonomous action
8428,16.7,29.4,verified autonomous action
8429,22.0,24.0,verified autonomous action
8430,22.0,24.0,verified autonomous action
8431,22.0,24.0,verified autonomous action
8432,22.0,24.0,verified autonomous action
8433,22.0,24.0,verified autonomous action
8434,22.0,24.0,verified autonomous action
8435,22.0,24.0,verified autonomous action
8436,22.0,24.0,verified autonomous action
8437,22.0,24.0,verified autonomous action
8438,22.0,24.0,verified autonomous action
8439,22.0,24.0,verified autonomous action
8440,22.0,24.0,verified autonomous action
8441,22.0,24.0,verified autonomous action
8442,22.0,24.0,verified autonomous action
8443,16.7,29.4,verified autonomous action
8444,16.7,29.4,verified autonomous action
8445,16.7,29.4,verified autonomous action
8446,16.7,29.4,verified autonomous action
8447,16.7,29.4,verified autonomous action
8448,16.7,29.4,verified autonomous action
8449,16.7,29.4,verified autonomous action
8450,16.7,29.4,verified autonomous action
8451,16.7,29.4,verified autonomous action
8452,16.7,29.4,verified autonomous action
8453,22.0,24.0,verified autonomous action
8454,22.0,24.0,verified autonomous action
8455,22.0,24.0,verified autonomous action
8456,22.0,24.0,verified autonomous action
8457,22.0,24.0,verified autonomous action
8458,22.0,24.0,verified autonomous action
8459,22.0,24.0,verified autonomous action
8460,22.0,24.0,verified autonomous action
8461,22.0,24.0,verified autonomous action
8462,22.0,24.0,verified autonomous action
8463,22.0,24.0,verified autonomous action
8464,22.0,24.0,verified autonomous action
8465,22.0,24.0,verified autonomous action
8466,22.0,24.0,verified autonomous action
8467,16.7,29.4,verified autonomous action
8468,16.7,29.4,verified autonomous action
8469,16.7,29.4,verified autonomous action
8470,16.7,29.4,verified autonomous action
8471,16.7,29.4,verified autonomous action
8472,16.7,29.4,verified autonomous action
8473,16.7,29.4,verified autonomous action
8474,16.7,29.4,verified autonomous action
8475,16.7,29.4,verified autonomous action
8476,16.7,29.4,verified autonomous action
8477,22.0,24.0,verified autonomous action
8478,22.0,24.0,verified autonomous action
8479,22.0,24.0,verified autonomous action
8480,22.0,24.0,verified autonomous action
8481,22.0,24.0,verified autonomous action
8482,22.0,24.0,verified autonomous action
8483,22.0,24.0,verified autonomous action
8484,22.0,24.0,verified autonomous action
8485,22.0,24.0,verified autonomous action
8486,22.0,24.0,verified autonomous action
8487,22.0,24.0,verified autonomous action
8488,22.0,24.0,verified autonomous action
8489,22.0,24.0,verified autonomous action
8490,22.0,24.0,verified autonomous action
8491,16.7,29.4,verified autonomous action
8492,16.7,29.4,verified autonomous action
8493,16.7,29.4,verified autonomous action
8494,16.7,29.4,verified autonomous action
8495,16.7,29.4,verified autonomous action
8496,16.7,29.4,verified autonomous action
8497,16.7,29.4,verified autonomous action
8498,16.7,29.4,verified autonomous action
8499,16.7,29.4,verified autonomous action
8500,16.7,29.4,verified autonomous action
8501,16.7,29.4,verified autonomous action
8502,16.7,29.4,verified autonomous action
8503,16.7,29.4,verified autonomous action
8504,16.7,29.4,verified autonomous action
8505,16.7,29.4,verified autonomous action
8506,16.7,29.4,verified autonomous action
8507,16.7,29.4,verified autonomous action
8508,16.7,29.4,verified autonomous action
8509,16.7,29.4,verified autonomous action
8510,16.7,29.4,verified autonomous action
8511,16.7,29.4,verified autonomous action
8512,16.7,29.4,verified autonomous action
8513,16.7,29.4,verified autonomous action
8514,16.7,29.4,verified autonomous action
8515,16.7,29.4,verified autonomous action
8516,16.7,29.4,verified autonomous action
8517,16.7,29.4,verified autonomous action
8518,16.7,29.4,verified autonomous action
8519,16.7,29.4,verified autonomous action
8520,16.7,29.4,verified autonomous action
8521,16.7,29.4,verified autonomous action
8522,16.7,29.4,verified autonomous action
8523,16.7,29.4,verified autonomous action
8524,16.7,29.4,verified autonomous action
8525,16.7,29.4,verified autonomous action
8526,16.7,29.4,verified autonomous action
8527,16.7,29.4,verified autonomous action
8528,16.7,29.4,verified autonomous action
8529,16.7,29.4,verified autonomous action
8530,16.7,29.4,verified autonomous action
8531,16.7,29.4,verified autonomous action
8532,16.7,29.4,verified autonomous action
8533,16.7,29.4,verified autonomous action
8534,16.7,29.4,verified autonomous action
8535,16.7,29.4,verified autonomous action
8536,16.7,29.4,verified autonomous action
8537,16.7,29.4,verified autonomous action
8538,16.7,29.4,verified autonomous action
8539,16.7,29.4,verified autonomous action
8540,16.7,29.4,verified autonomous action
8541,16.7,29.4,verified autonomous action
8542,16.7,29.4,verified autonomous action
8543,16.7,29.4,verified autonomous action
8544,16.7,29.4,verified autonomous action
8545,16.7,29.4,verified autonomous action
8546,16.7,29.4,verified autonomous action
8547,16.7,29.4,verified autonomous action
8548,16.7,29.4,verified autonomous action
8549,22.0,24.0,verified autonomous action
8550,22.0,24.0,verified autonomous action
8551,22.0,24.0,verified autonomous action
8552,22.0,24.0,verified autonomous action
8553,22.0,24.0,verified autonomous action
8554,22.0,24.0,verified autonomous action
8555,22.0,24.0,verified autonomous action
8556,22.0,24.0,verified autonomous action
8557,22.0,24.0,verified autonomous action
8558,22.0,24.0,verified autonomous action
8559,22.0,24.0,verified autonomous action
8560,22.0,24.0,verified autonomous action
8561,22.0,24.0,verified autonomous action
8562,22.0,24.0,verified autonomous action
8563,16.7,29.4,verified autonomous action
8564,16.7,29.4,verified autonomous action
8565,16.7,29.4,verified autonomous action
8566,16.7,29.4,verified autonomous action
8567,16.7,29.4,verified autonomous action
8568,16.7,29.4,verified autonomous action
8569,16.7,29.4,verified autonomous action
8570,16.7,29.4,verified autonomous action
8571,16.7,29.4,verified autonomous action
8572,16.7,29.4,verified autonomous action
8573,16.7,29.4,verified autonomous action
8574,22.0,24.0,verified autonomous action
8575,22.0,24.0,verified autonomous action
8576,22.0,24.0,verified autonomous action
8577,22.0,24.0,verified autonomous action
8578,22.0,24.0,verified autonomous action
8579,22.0,24.0,verified autonomous action
8580,22.0,24.0,verified autonomous action
8581,22.0,24.0,verified autonomous action
8582,22.0,24.0,verified autonomous action
8583,22.0,24.0,verified autonomous action
8584,22.0,24.0,verified autonomous action
8585,22.0,24.0,verified autonomous action
8586,22.0,24.0,verified autonomous action
8587,22.0,24.0,verified autonomous action
8588,16.7,29.4,verified autonomous action
8589,16.7,29.4,verified autonomous action
8590,16.7,29.4,verified autonomous action
8591,16.7,29.4,verified autonomous action
8592,16.7,29.4,verified autonomous action
8593,16.7,29.4,verified autonomous action
8594,16.7,29.4,verified autonomous action
8595,16.7,29.4,verified autonomous action
8596,16.7,29.4,verified autonomous action
8597,16.7,29.4,verified autonomous action
8598,22.0,24.0,verified autonomous action
8599,22.0,24.0,verified autonomous action
8600,22.0,24.0,verified autonomous action
8601,22.0,24.0,verified autonomous action
8602,22.0,24.0,verified autonomous action
8603,22.0,24.0,verified autonomous action
8604,22.0,24.0,verified autonomous action
8605,22.0,24.0,verified autonomous action
8606,22.0,24.0,verified autonomous action
8607,22.0,24.0,verified autonomous action
8608,22.0,24.0,verified autonomous action
8609,22.0,24.0,verified autonomous action
8610,22.0,24.0,verified autonomous action
8611,22.0,24.0,verified autonomous action
8612,16.7,29.4,verified autonomous action
8613,16.7,29.4,verified autonomous action
8614,16.7,29.4,verified autonomous action
8615,16.7,29.4,verified autonomous action
8616,16.7,29.4,verified autonomous action
8617,16.7,29.4,verified autonomous action
8618,16.7,29.4,verified autonomous action
8619,16.7,29.4,verified autonomous action
8620,16.7,29.4,verified autonomous action
8621,16.7,29.4,verified autonomous action
8622,22.0,24.0,verified autonomous action
8623,22.0,24.0,verified autonomous action
8624,22.0,24.0,verified autonomous action
8625,22.0,24.0,verified autonomous action
8626,22.0,24.0,verified autonomous action
8627,22.0,24.0,verified autonomous action
8628,22.0,24.0,verified autonomous action
8629,22.0,24.0,verified autonomous action
8630,22.0,24.0,verified autonomous action
8631,22.0,24.0,verified autonomous action
8632,22.0,24.0,verified autonomous action
8633,22.0,24.0,verified autonomous action
8634,22.0,24.0,verified autonomous action
8635,22.0,24.0,verified autonomous action
8636,16.7,29.4,verified autonomous action
8637,16.7,29.4,verified autonomous action
8638,16.7,29.4,verified autonomous action
8639,16.7,29.4,verified autonomous action
8640,16.7,29.4,verified autonomous action
8641,16.7,29.4,verified autonomous action
8642,16.7,29.4,verified autonomous action
8643,16.7,29.4,verified autonomous action
8644,16.7,29.4,verified autonomous action
8645,16.7,29.4,verified autonomous action
8646,22.0,24.0,verified autonomous action
8647,22.0,24.0,verified autonomous action
8648,22.0,24.0,verified autonomous action
8649,22.0,24.0,verified autonomous action
8650,22.0,24.0,verified autonomous action
8651,22.0,24.0,verified autonomous action
8652,22.0,24.0,verified autonomous action
8653,22.0,24.0,verified autonomous action
8654,22.0,24.0,verified autonomous action
8655,22.0,24.0,verified autonomous action
8656,22.0,24.0,verified autonomous action
8657,22.0,24.0,verified autonomous action
8658,22.0,24.0,verified autonomous action
8659,22.0,24.0,verified autonomous action
8660,16.7,29.4,verified autonomous action
8661,16.7,29.4,verified autonomous action
8662,16.7,29.4,verified autonomous action
8663,16.7,29.4,verified autonomous action
8664,16.7,29.4,verified autonomous action
8665,16.7,29.4,verified autonomous action
8666,16.7,29.4,verified autonomous action
8667,16.7,29.4,verified autonomous action
8668,16.7,29.4,verified autonomous action
8669,16.7,29.4,verified autonomous action
8670,16.7,29.4,verified autonomous action
8671,16.7,29.4,verified autonomous action
8672,16.7,29.4,verified autonomous action
8673,16.7,29.4,verified autonomous action
8674,16.7,29.4,verified autonomous action
8675,16.7,29.4,verified autonomous action
8676,16.7,29.4,verified autonomous action
8677,16.7,29.4,verified autonomous action
8678,16.7,29.4,verified autonomous action
8679,16.7,29.4,verified autonomous action
8680,16.7,29.4,verified autonomous action
8681,16.7,29.4,verified autonomous action
8682,16.7,29.4,verified autonomous action
8683,16.7,29.4,verified autonomous action
8684,16.7,29.4,verified autonomous action
8685,16.7,29.4,verified autonomous action
8686,16.7,29.4,verified autonomous action
8687,16.7,29.4,verified autonomous action
8688,16.7,29.4,verified autonomous action
8689,16.7,29.4,verified autonomous action
8690,16.7,29.4,verified autonomous action
8691,16.7,29.4,verified autonomous action
8692,16.7,29.4,verified autonomous action
8693,16.7,29.4,verified autonomous action
8694,16.7,29.4,verified autonomous action
8695,16.7,29.4,verified autonomous action
8696,16.7,29.4,verified autonomous action
8697,16.7,29.4,verified autonomous action
8698,16.7,29.4,verified autonomous action
8699,16.7,29.4,verified autonomous action
8700,16.7,29.4,verified autonomous action
8701,16.7,29.4,verified autonomous action
8702,16.7,29.4,verified autonomous action
8703,16.7,29.4,verified autonomous action
8704,16.7,29.4,verified autonomous action
8705,16.7,29.4,verified autonomous action
8706,16.7,29.4,verified autonomous action
8707,16.7,29.4,verified autonomous action
8708,16.7,29.4,verified autonomous action
8709,16.7,29.4,verified autonomous action
8710,16.7,29.4,verified autonomous action
8711,16.7,29.4,verified autonomous action
8712,16.7,29.4,verified autonomous action
8713,16.7,29.4,verified autonomous action
8714,16.7,29.4,verified autonomous action
8715,16.7,29.4,verified autonomous action
8716,16.7,29.4,verified autonomous action
8717,16.7,29.4,verified autonomous action
8718,22.0,24.0,verified autonomous action
8719,22.0,24.0,verified autonomous action
8720,22.0,24.0,verified autonomous action
8721,22.0,24.0,verified autonomous action
8722,22.0,24.0,verified autonomous action
8723,22.0,24.0,verified autonomous action
8724,22.0,24.0,verified autonomous action
8725,22.0,24.0,verified autonomous action
8726,22.0,24.0,verified autonomous action
8727,22.0,24.0,verified autonomous action
8728,22.0,24.0,verified autonomous action
8729,22.0,24.0,verified autonomous action
8730,22.0,24.0,verified autonomous action
8731,22.0,24.0,verified autonomous action
8732,16.7,29.4,verified autonomous action
8733,16.7,29.4,verified autonomous action
8734,16.7,29.4,verified autonomous action
8735,16.7,29.4,verified autonomous action
8736,16.7,29.4,verified autonomous action
8737,16.7,29.4,verified autonomous action
8738,16.7,29.4,verified autonomous action
8739,16.7,29.4,verified autonomous action
8740,16.7,29.4,verified autonomous action
8741,16.7,29.4,verified autonomous action
8742,16.7,29.4,verified autonomous action
8743,22.0,24.0,verified autonomous action
8744,22.0,24.0,verified autonomous action
8745,22.0,24.0,verified autonomous action
8746,22.0,24.0,verified autonomous action
8747,22.0,24.0,verified autonomous action
8748,22.0,24.0,verified autonomous action
8749,22.0,24.0,verified autonomous action
8750,22.0,24.0,verified autonomous action
8751,22.0,24.0,verified autonomous action
8752,22.0,24.0,verified autonomous action
8753,22.0,24.0,verified autonomous action
8754,22.0,24.0,verified autonomous action
8755,22.0,24.0,verified autonomous action
8756,22.0,24.0,verified autonomous action
8757,16.7,29.4,verified autonomous action
8758,16.7,29.4,verified autonomous action
8759,16.7,29.4,verified autonomous action
